SABL_PWSID,COUNTY,COUNTY_FIXED
CA0103040,ALAMEDA  ,ALAMEDA
CA0105008,ALAMEDA  ,ALAMEDA
CA0110006,ALAMEDA  ,ALAMEDA
CA0110008,ALAMEDA  ,ALAMEDA
CA0110003,ALAMEDA  ,ALAMEDA
CA0103041,ALAMEDA  ,ALAMEDA
CA0110005,ALAMEDA  ,ALAMEDA
CA0110012,ALAMEDA  ,ALAMEDA
CA0110016,ALAMEDA  ,ALAMEDA
CA0110009,ALAMEDA  ,ALAMEDA
CA0110011,ALAMEDA  ,ALAMEDA
CA0110001,ALAMEDA  ,ALAMEDA
CA0210002,ALPINE  ,AlPINE
CA0202522,ALPINE  ,AlPINE
CA0210001,ALPINE  ,AlPINE
CA0202503,ALPINE  ,AlPINE
CA0202504,ALPINE  ,AlPINE
CA0310005,AMADOR  ,AMADOR
CA0300011,AMADOR  ,AMADOR
CA0310004,AMADOR  ,AMADOR
CA0310021,AMADOR  ,AMADOR
CA0310019,AMADOR  ,AMADOR
CA0300019,AMADOR  ,AMADOR
CA0310006,AMADOR  ,AMADOR
CA0300024,AMADOR  ,AMADOR
CA0300053,AMADOR  ,AMADOR
CA0310011,AMADOR  ,AMADOR
CA0310008,AMADOR  ,AMADOR
CA0310012,AMADOR  ,AMADOR
CA0310001,AMADOR  ,AMADOR
CA0300010,AMADOR  ,AMADOR
CA0310003,AMADOR  ,AMADOR
CA0300016,AMADOR  ,AMADOR
CA0310018,AMADOR  ,AMADOR
CA0310002,AMADOR  ,AMADOR
CA0300037,AMADOR  ,AMADOR
CA0400008,BUTTE  ,BUTTE
CA0400027,BUTTE  ,BUTTE
CA0400023,BUTTE  ,BUTTE
CA0400123,BUTTE  ,BUTTE
CA0400090,BUTTE  ,BUTTE
CA0400003,BUTTE  ,BUTTE
CA0400026,BUTTE  ,BUTTE
CA0400016,BUTTE  ,BUTTE
CA0410018,BUTTE  ,BUTTE
CA0409181,BUTTE  ,BUTTE
CA0400004,BUTTE  ,BUTTE
CA0400014,BUTTE  ,BUTTE
CA0409183,BUTTE  ,BUTTE
CA0410008,BUTTE  ,BUTTE
CA0400013,BUTTE  ,BUTTE
CA0410005,BUTTE  ,BUTTE
CA0400078,BUTTE  ,BUTTE
CA0410003,BUTTE  ,BUTTE
CA0410004,BUTTE  ,BUTTE
CA0400040,BUTTE  ,BUTTE
CA0400030,BUTTE  ,BUTTE
CA0400042,BUTTE  ,BUTTE
CA0400020,BUTTE  ,BUTTE
CA0410007,BUTTE  ,BUTTE
CA0400051,BUTTE  ,BUTTE
CA0400151,BUTTE  ,BUTTE
CA0400007,BUTTE  ,BUTTE
CA0410009,BUTTE  ,BUTTE
CA0410011,BUTTE  ,BUTTE
CA0400149,BUTTE  ,BUTTE
CA0410002,BUTTE  ,BUTTE
CA0400021,BUTTE  ,BUTTE
CA0400019,BUTTE  ,BUTTE
CA0400155,BUTTE  ,BUTTE
CA0405001,BUTTE  ,BUTTE
CA0400091,BUTTE  ,BUTTE
CA0410001,BUTTE  ,BUTTE
CA0510009,CALAVERAS  ,CALAVERAS
CA0500068,CALAVERAS  ,CALAVERAS
CA0510011,CALAVERAS  ,CALAVERAS
CA0500075,CALAVERAS  ,CALAVERAS
CA0510004,CALAVERAS  ,CALAVERAS
CA0510005,CALAVERAS  ,CALAVERAS
CA0510016,CALAVERAS  ,CALAVERAS
CA0510001,CALAVERAS  ,CALAVERAS
CA0510010,CALAVERAS  ,CALAVERAS
CA0510012,CALAVERAS  ,CALAVERAS
CA0510002,CALAVERAS  ,CALAVERAS
CA0510003,CALAVERAS  ,CALAVERAS
CA0500019,CALAVERAS  ,CALAVERAS
CA0500027,CALAVERAS  ,CALAVERAS
CA0510019,CALAVERAS  ,CALAVERAS
CA0510006,CALAVERAS  ,CALAVERAS
CA0510017,CALAVERAS  ,CALAVERAS
CA0610004,COLUSA  ,COLUSA
CA0610001,COLUSA  ,COLUSA
CA0605011,COLUSA  ,COLUSA
CA0600013,COLUSA  ,COLUSA
CA0600008,COLUSA  ,COLUSA
CA0610002,COLUSA  ,COLUSA
CA0600005,COLUSA  ,COLUSA
CA0610003,COLUSA  ,COLUSA
CA0600012,COLUSA  ,COLUSA
CA0707523,CONTRA COSTA  ,CONTRA COSTA
CA0710009,CONTRA COSTA  ,CONTRA COSTA
CA0707577,CONTRA COSTA  ,CONTRA COSTA
CA0710001,CONTRA COSTA  ,CONTRA COSTA
CA0707573,CONTRA COSTA  ,CONTRA COSTA
CA0707576,CONTRA COSTA  ,CONTRA COSTA
CA0707547,CONTRA COSTA  ,CONTRA COSTA
CA0710007,CONTRA COSTA  ,CONTRA COSTA
CA0707597,CONTRA COSTA  ,CONTRA COSTA
CA0707569,CONTRA COSTA  ,CONTRA COSTA
CA0710004,CONTRA COSTA  ,CONTRA COSTA
CA0710006,CONTRA COSTA  ,CONTRA COSTA
CA0710003,CONTRA COSTA  ,CONTRA COSTA
CA0707556,CONTRA COSTA  ,CONTRA COSTA
CA0706005,CONTRA COSTA  ,CONTRA COSTA
CA0707501,CONTRA COSTA  ,CONTRA COSTA
CA0706004,CONTRA COSTA  ,CONTRA COSTA
CA0707517,CONTRA COSTA  ,CONTRA COSTA
CA0707615,CONTRA COSTA  ,CONTRA COSTA
CA0707507,CONTRA COSTA  ,CONTRA COSTA
CA0707603,CONTRA COSTA  ,CONTRA COSTA
CA0707588,CONTRA COSTA  ,CONTRA COSTA
CA0707598,CONTRA COSTA  ,CONTRA COSTA
CA0707575,CONTRA COSTA  ,CONTRA COSTA
CA0707613,CONTRA COSTA  ,CONTRA COSTA
CA0707585,CONTRA COSTA  ,CONTRA COSTA
CA0707589,CONTRA COSTA  ,CONTRA COSTA
CA0707572,CONTRA COSTA  ,CONTRA COSTA
CA0710008,CONTRA COSTA  ,CONTRA COSTA
CA0707553,CONTRA COSTA  ,CONTRA COSTA
CA0707601,CONTRA COSTA  ,CONTRA COSTA
CA0707608,CONTRA COSTA  ,CONTRA COSTA
CA0710002,CONTRA COSTA  ,CONTRA COSTA
CA0800603,DEL NORTE  ,DEL NORTE
CA0800526,DEL NORTE  ,DEL NORTE
CA0810002,DEL NORTE  ,DEL NORTE
CA0810001,DEL NORTE  ,DEL NORTE
CA0800700,DEL NORTE  ,DEL NORTE
CA0800552,DEL NORTE  ,DEL NORTE
CA0810003,DEL NORTE  ,DEL NORTE
CA0800532,DEL NORTE  ,DEL NORTE
CA0800548,DEL NORTE  ,DEL NORTE
CA0800825,DEL NORTE  ,DEL NORTE
CA0800555,DEL NORTE  ,DEL NORTE
CA0800605,DEL NORTE  ,DEL NORTE
CA0800800,DEL NORTE  ,DEL NORTE
CA0800556,DEL NORTE  ,DEL NORTE
CA0800557,DEL NORTE  ,DEL NORTE
CA0910013,EL DORADO  ,EL DORADO
CA0910002,EL DORADO  ,EL DORADO
CA0900112,EL DORADO  ,EL DORADO
CA0900422,EL DORADO  ,EL DORADO
CA0910007,EL DORADO  ,EL DORADO
CA0910012,EL DORADO  ,EL DORADO
CA0900308,EL DORADO  ,EL DORADO
CA0910019,EL DORADO  ,EL DORADO
CA0900102,EL DORADO  ,EL DORADO
CA0900300,EL DORADO  ,EL DORADO
CA0910001,EL DORADO  ,EL DORADO
CA0910017,EL DORADO  ,EL DORADO
CA0910018,EL DORADO  ,EL DORADO
CA0910015,EL DORADO  ,EL DORADO
CA0900404,EL DORADO  ,EL DORADO
CA0910003,EL DORADO  ,EL DORADO
CA0910006,EL DORADO  ,EL DORADO
CA1010062,FRESNO  ,FRESNO
CA1010007,FRESNO  ,FRESNO
CA1010025,FRESNO  ,FRESNO
CA1000267,FRESNO  ,FRESNO
CA1010035,FRESNO  ,FRESNO
CA1000054,FRESNO  ,FRESNO
CA1000359,FRESNO  ,FRESNO
CA1000004,FRESNO  ,FRESNO
CA1010019,FRESNO  ,FRESNO
CA1000238,FRESNO  ,FRESNO
CA1000056,FRESNO  ,FRESNO
CA1000546,FRESNO  ,FRESNO
CA1010018,FRESNO  ,FRESNO
CA1000260,FRESNO  ,FRESNO
CA1000039,FRESNO  ,FRESNO
CA1000019,FRESNO  ,FRESNO
CA1000265,FRESNO  ,FRESNO
CA1000078,FRESNO  ,FRESNO
CA1000345,FRESNO  ,FRESNO
CA1000040,FRESNO  ,FRESNO
CA1000555,FRESNO  ,FRESNO
CA1010029,FRESNO  ,FRESNO
CA1000247,FRESNO  ,FRESNO
CA1010053,FRESNO  ,FRESNO
CA1000554,FRESNO  ,FRESNO
CA1000550,FRESNO  ,FRESNO
CA1010004,FRESNO  ,FRESNO
CA1000023,FRESNO  ,FRESNO
CA1000053,FRESNO  ,FRESNO
CA1010026,FRESNO  ,FRESNO
CA1010027,FRESNO  ,FRESNO
CA1010017,FRESNO  ,FRESNO
CA1010028,FRESNO  ,FRESNO
CA1000551,FRESNO  ,FRESNO
CA1000259,FRESNO  ,FRESNO
CA1000075,FRESNO  ,FRESNO
CA1010034,FRESNO  ,FRESNO
CA1010049,FRESNO  ,FRESNO
CA1000244,FRESNO  ,FRESNO
CA1000471,FRESNO  ,FRESNO
CA1000484,FRESNO  ,FRESNO
CA1010006,FRESNO  ,FRESNO
CA1000405,FRESNO  ,FRESNO
CA1010044,FRESNO  ,FRESNO
CA1000018,FRESNO  ,FRESNO
CA1000069,FRESNO  ,FRESNO
CA1000257,FRESNO  ,FRESNO
CA1010003,FRESNO  ,FRESNO
CA1000426,FRESNO  ,FRESNO
CA1010023,FRESNO  ,FRESNO
CA1010051,FRESNO  ,FRESNO
CA1000041,FRESNO  ,FRESNO
CA1000042,FRESNO  ,FRESNO
CA1000057,FRESNO  ,FRESNO
CA1010021,FRESNO  ,FRESNO
CA1010055,FRESNO  ,FRESNO
CA1000021,FRESNO  ,FRESNO
CA1000229,FRESNO  ,FRESNO
CA1010005,FRESNO  ,FRESNO
CA1010052,FRESNO  ,FRESNO
CA1000063,FRESNO  ,FRESNO
CA1010020,FRESNO  ,FRESNO
CA1010042,FRESNO  ,FRESNO
CA1000005,FRESNO  ,FRESNO
CA1010001,FRESNO  ,FRESNO
CA1000378,FRESNO  ,FRESNO
CA1000299,FRESNO  ,FRESNO
CA1000298,FRESNO  ,FRESNO
CA1010039,FRESNO  ,FRESNO
CA1010024,FRESNO  ,FRESNO
CA1100445,GLENN  ,GLENN
CA1110001,GLENN  ,GLENN
CA1100404,GLENN  ,GLENN
CA1100436,GLENN  ,GLENN
CA1100413,GLENN  ,GLENN
CA1100452,GLENN  ,GLENN
CA1100444,GLENN  ,GLENN
CA1100616,GLENN  ,GLENN
CA1100254,GLENN  ,GLENN
CA1100237,GLENN  ,GLENN
CA1100711,GLENN  ,GLENN
CA1100203,GLENN  ,GLENN
CA1110002,GLENN  ,GLENN
CA1110003,GLENN  ,GLENN
CA1210007,HUMBOLDT  ,HUMBOLDT
CA1210019,HUMBOLDT  ,HUMBOLDT
CA1210020,HUMBOLDT  ,HUMBOLDT
CA1200591,HUMBOLDT  ,HUMBOLDT
CA1200544,HUMBOLDT  ,HUMBOLDT
CA1210010,HUMBOLDT  ,HUMBOLDT
CA1210012,HUMBOLDT  ,HUMBOLDT
CA1200687,HUMBOLDT  ,HUMBOLDT
CA1210011,HUMBOLDT  ,HUMBOLDT
CA1200590,HUMBOLDT  ,HUMBOLDT
CA1210024,HUMBOLDT  ,HUMBOLDT
CA1200553,HUMBOLDT  ,HUMBOLDT
CA1200718,HUMBOLDT  ,HUMBOLDT
CA1200518,HUMBOLDT  ,HUMBOLDT
CA1210001,HUMBOLDT  ,HUMBOLDT
CA1200538,HUMBOLDT  ,HUMBOLDT
CA1210006,HUMBOLDT  ,HUMBOLDT
CA1210022,HUMBOLDT  ,HUMBOLDT
CA1200729,HUMBOLDT  ,HUMBOLDT
CA1200701,HUMBOLDT  ,HUMBOLDT
CA1210013,HUMBOLDT  ,HUMBOLDT
CA1210023,HUMBOLDT  ,HUMBOLDT
CA1200566,HUMBOLDT  ,HUMBOLDT
CA1200547,HUMBOLDT  ,HUMBOLDT
CA1206002,HUMBOLDT  ,HUMBOLDT
CA1210002,HUMBOLDT  ,HUMBOLDT
CA1200671,HUMBOLDT  ,HUMBOLDT
CA1210017,HUMBOLDT  ,HUMBOLDT
CA1200541,HUMBOLDT  ,HUMBOLDT
CA1210008,HUMBOLDT  ,HUMBOLDT
CA1210009,HUMBOLDT  ,HUMBOLDT
CA1206004,HUMBOLDT  ,HUMBOLDT
CA1200587,HUMBOLDT  ,HUMBOLDT
CA1210016,HUMBOLDT  ,HUMBOLDT
CA1200501,HUMBOLDT  ,HUMBOLDT
CA1200706,HUMBOLDT  ,HUMBOLDT
CA1200643,HUMBOLDT  ,HUMBOLDT
CA1210021,HUMBOLDT  ,HUMBOLDT
CA1200588,HUMBOLDT  ,HUMBOLDT
CA1200592,HUMBOLDT  ,HUMBOLDT
CA1210015,HUMBOLDT  ,HUMBOLDT
CA1200707,HUMBOLDT  ,HUMBOLDT
CA1210018,HUMBOLDT  ,HUMBOLDT
CA1210004,HUMBOLDT  ,HUMBOLDT
CA1310008,IMPERIAL  ,IMPERIAL
CA1300018,IMPERIAL  ,IMPERIAL
CA1300550,IMPERIAL  ,IMPERIAL
CA1310004,IMPERIAL  ,IMPERIAL
CA1300588,IMPERIAL  ,IMPERIAL
CA1300664,IMPERIAL  ,IMPERIAL
CA1300555,IMPERIAL  ,IMPERIAL
CA1300628,IMPERIAL  ,IMPERIAL
CA1300009,IMPERIAL  ,IMPERIAL
CA1300514,IMPERIAL  ,IMPERIAL
CA1310002,IMPERIAL  ,IMPERIAL
CA1300572,IMPERIAL  ,IMPERIAL
CA1310006,IMPERIAL  ,IMPERIAL
CA1310005,IMPERIAL  ,IMPERIAL
CA1310007,IMPERIAL  ,IMPERIAL
CA1300513,IMPERIAL  ,IMPERIAL
CA1310001,IMPERIAL  ,IMPERIAL
CA1300575,IMPERIAL  ,IMPERIAL
CA1300629,IMPERIAL  ,IMPERIAL
CA1300616,IMPERIAL  ,IMPERIAL
CA1310013,IMPERIAL  ,IMPERIAL
CA1300626,IMPERIAL  ,IMPERIAL
CA1310003,IMPERIAL  ,IMPERIAL
CA1400037,INYO  ,INYO
CA1400020,INYO  ,INYO
CA1400026,INYO  ,INYO
CA1400059,INYO  ,INYO
CA1400072,INYO  ,INYO
CA1400025,INYO  ,INYO
CA1400098,INYO  ,INYO
CA1400155,INYO  ,INYO
CA1410007,INYO  ,INYO
CA1400111,INYO  ,INYO
CA1400066,INYO  ,INYO
CA1400070,INYO  ,INYO
CA1400010,INYO  ,INYO
CA1400002,INYO  ,INYO
CA1400056,INYO  ,INYO
CA1400030,INYO  ,INYO
CA1400144,INYO  ,INYO
CA1410001,INYO  ,INYO
CA1400099,INYO  ,INYO
CA1400109,INYO  ,INYO
CA1400031,INYO  ,INYO
CA1400007,INYO  ,INYO
CA1400110,INYO  ,INYO
CA1400135,INYO  ,INYO
CA1410005,INYO  ,INYO
CA1410006,INYO  ,INYO
CA1400027,INYO  ,INYO
CA1500452,KERN  ,KERN
CA1500485,KERN  ,KERN
CA1500459,KERN  ,KERN
CA1510021,KERN  ,KERN
CA1510028,KERN  ,KERN
CA1510015,KERN  ,KERN
CA1510025,KERN  ,KERN
CA1502569,KERN  ,KERN
CA1500561,KERN  ,KERN
CA1510029,KERN  ,KERN
CA1510006,KERN  ,KERN
CA1502670,KERN  ,KERN
CA1510009,KERN  ,KERN
CA1500324,KERN  ,KERN
CA1510033,KERN  ,KERN
CA1500290,KERN  ,KERN
CA1500542,KERN  ,KERN
CA1500340,KERN  ,KERN
CA1500393,KERN  ,KERN
CA1502622,KERN  ,KERN
CA1510003,KERN  ,KERN
CA1500252,KERN  ,KERN
CA1510055,KERN  ,KERN
CA1510024,KERN  ,KERN
CA1510019,KERN  ,KERN
CA1510005,KERN  ,KERN
CA1500494,KERN  ,KERN
CA1510017,KERN  ,KERN
CA1510013,KERN  ,KERN
CA1500211,KERN  ,KERN
CA1502699,KERN  ,KERN
CA1510032,KERN  ,KERN
CA1510001,KERN  ,KERN
CA1500455,KERN  ,KERN
CA1500546,KERN  ,KERN
CA1502645,KERN  ,KERN
CA1500575,KERN  ,KERN
CA1500540,KERN  ,KERN
CA1500327,KERN  ,KERN
CA1510036,KERN  ,KERN
CA1510007,KERN  ,KERN
CA1502600,KERN  ,KERN
CA1503329,KERN  ,KERN
CA1510043,KERN  ,KERN
CA1500251,KERN  ,KERN
CA1502653,KERN  ,KERN
CA1502465,KERN  ,KERN
CA1500152,KERN  ,KERN
CA1500436,KERN  ,KERN
CA1500556,KERN  ,KERN
CA1503526,KERN  ,KERN
CA1500553,KERN  ,KERN
CA1502750,KERN  ,KERN
CA1500231,KERN  ,KERN
CA1500543,KERN  ,KERN
CA1510002,KERN  ,KERN
CA1510031,KERN  ,KERN
CA1510026,KERN  ,KERN
CA1500336,KERN  ,KERN
CA1500483,KERN  ,KERN
CA1500599,KERN  ,KERN
CA1500314,KERN  ,KERN
CA1510042,KERN  ,KERN
CA1500489,KERN  ,KERN
CA1500466,KERN  ,KERN
CA1503475,KERN  ,KERN
CA1500535,KERN  ,KERN
CA1510020,KERN  ,KERN
CA1510018,KERN  ,KERN
CA1502564,KERN  ,KERN
CA1510027,KERN  ,KERN
CA1500349,KERN  ,KERN
CA1500557,KERN  ,KERN
CA1500555,KERN  ,KERN
CA1500593,KERN  ,KERN
CA1510056,KERN  ,KERN
CA1500374,KERN  ,KERN
CA1510012,KERN  ,KERN
CA1500585,KERN  ,KERN
CA1510004,KERN  ,KERN
CA1500544,KERN  ,KERN
CA1500493,KERN  ,KERN
CA1502619,KERN  ,KERN
CA1500333,KERN  ,KERN
CA1510014,KERN  ,KERN
CA1500578,KERN  ,KERN
CA1510011,KERN  ,KERN
CA1502690,KERN  ,KERN
CA1500563,KERN  ,KERN
CA1500371,KERN  ,KERN
CA1500443,KERN  ,KERN
CA1503270,KERN  ,KERN
CA1510049,KERN  ,KERN
CA1510045,KERN  ,KERN
CA1500364,KERN  ,KERN
CA1500481,KERN  ,KERN
CA1500554,KERN  ,KERN
CA1500409,KERN  ,KERN
CA1510054,KERN  ,KERN
CA1500475,KERN  ,KERN
CA1500478,KERN  ,KERN
CA1500569,KERN  ,KERN
CA1500571,KERN  ,KERN
CA1500406,KERN  ,KERN
CA1502232,KERN  ,KERN
CA1502247,KERN  ,KERN
CA1502620,KERN  ,KERN
CA1502663,KERN  ,KERN
CA1500465,KERN  ,KERN
CA1500289,KERN  ,KERN
CA1500378,KERN  ,KERN
CA1502629,KERN  ,KERN
CA1500566,KERN  ,KERN
CA1500341,KERN  ,KERN
CA1500448,KERN  ,KERN
CA1500458,KERN  ,KERN
CA1503536,KERN  ,KERN
CA1500424,KERN  ,KERN
CA1500398,KERN  ,KERN
CA1500550,KERN  ,KERN
CA1500449,KERN  ,KERN
CA1500209,KERN  ,KERN
CA1500405,KERN  ,KERN
CA1500447,KERN  ,KERN
CA1500525,KERN  ,KERN
CA1503669,KERN  ,KERN
CA1500588,KERN  ,KERN
CA1500296,KERN  ,KERN
CA1500401,KERN  ,KERN
CA1500404,KERN  ,KERN
CA1510023,KERN  ,KERN
CA1510046,KERN  ,KERN
CA1500407,KERN  ,KERN
CA1510039,KERN  ,KERN
CA1500560,KERN  ,KERN
CA1510016,KERN  ,KERN
CA1510038,KERN  ,KERN
CA1510051,KERN  ,KERN
CA1610007,KINGS  ,KINGS
CA1600507,KINGS  ,KINGS
CA1610009,KINGS  ,KINGS
CA1610004,KINGS  ,KINGS
CA1610006,KINGS  ,KINGS
CA1610001,KINGS  ,KINGS
CA1610005,KINGS  ,KINGS
CA1610003,KINGS  ,KINGS
CA1610002,KINGS  ,KINGS
CA1600002,KINGS  ,KINGS
CA1710003,LAKE  ,LAKE
CA1700595,LAKE  ,LAKE
CA1700580,LAKE  ,LAKE
CA1710014,LAKE  ,LAKE
CA1710001,LAKE  ,LAKE
CA1700657,LAKE  ,LAKE
CA1710009,LAKE  ,LAKE
CA1710004,LAKE  ,LAKE
CA1700508,LAKE  ,LAKE
CA1700549,LAKE  ,LAKE
CA1710008,LAKE  ,LAKE
CA1710006,LAKE  ,LAKE
CA1700630,LAKE  ,LAKE
CA1700502,LAKE  ,LAKE
CA1710005,LAKE  ,LAKE
CA1700606,LAKE  ,LAKE
CA1710007,LAKE  ,LAKE
CA1710010,LAKE  ,LAKE
CA1700584,LAKE  ,LAKE
CA1700568,LAKE  ,LAKE
CA1710021,LAKE  ,LAKE
CA1700610,LAKE  ,LAKE
CA1700592,LAKE  ,LAKE
CA1700561,LAKE  ,LAKE
CA1700674,LAKE  ,LAKE
CA1710011,LAKE  ,LAKE
CA1700609,LAKE  ,LAKE
CA1710018,LAKE  ,LAKE
CA1700589,LAKE  ,LAKE
CA1700536,LAKE  ,LAKE
CA1710012,LAKE  ,LAKE
CA1700554,LAKE  ,LAKE
CA1710013,LAKE  ,LAKE
CA1710002,LAKE  ,LAKE
CA1700546,LAKE  ,LAKE
CA1700518,LAKE  ,LAKE
CA1710015,LAKE  ,LAKE
CA1710022,LAKE  ,LAKE
CA1800512,LASSEN  ,LASSEN
CA1810004,LASSEN  ,LASSEN
CA1810002,LASSEN  ,LASSEN
CA1800516,LASSEN  ,LASSEN
CA1800534,LASSEN  ,LASSEN
CA1810001,LASSEN  ,LASSEN
CA1800511,LASSEN  ,LASSEN
CA1800524,LASSEN  ,LASSEN
CA1805007,LASSEN  ,LASSEN
CA1800523,LASSEN  ,LASSEN
CA1800503,LASSEN  ,LASSEN
CA1800529,LASSEN  ,LASSEN
CA1800522,LASSEN  ,LASSEN
CA1910234,LOS ANGELES  ,LOS ANGELES
CA1910194,LOS ANGELES  ,LOS ANGELES
CA1910158,LOS ANGELES  ,LOS ANGELES
CA1900636,LOS ANGELES  ,LOS ANGELES
CA1900303,LOS ANGELES  ,LOS ANGELES
CA1900038,LOS ANGELES  ,LOS ANGELES
CA1910239,LOS ANGELES  ,LOS ANGELES
CA1910028,LOS ANGELES  ,LOS ANGELES
CA1910146,LOS ANGELES  ,LOS ANGELES
CA1910211,LOS ANGELES  ,LOS ANGELES
CA1910018,LOS ANGELES  ,LOS ANGELES
CA1900542,LOS ANGELES  ,LOS ANGELES
CA1910044,LOS ANGELES  ,LOS ANGELES
CA1910003,LOS ANGELES  ,LOS ANGELES
CA1910090,LOS ANGELES  ,LOS ANGELES
CA1910098,LOS ANGELES  ,LOS ANGELES
CA1910065,LOS ANGELES  ,LOS ANGELES
CA1910079,LOS ANGELES  ,LOS ANGELES
CA1910023,LOS ANGELES  ,LOS ANGELES
CA1910166,LOS ANGELES  ,LOS ANGELES
CA1900907,LOS ANGELES  ,LOS ANGELES
CA1910009,LOS ANGELES  ,LOS ANGELES
CA1910012,LOS ANGELES  ,LOS ANGELES
CA1900868,LOS ANGELES  ,LOS ANGELES
CA1900961,LOS ANGELES  ,LOS ANGELES
CA1910053,LOS ANGELES  ,LOS ANGELES
CA1910213,LOS ANGELES  ,LOS ANGELES
CA1910006,LOS ANGELES  ,LOS ANGELES
CA1900529,LOS ANGELES  ,LOS ANGELES
CA1910004,LOS ANGELES  ,LOS ANGELES
CA1907014,LOS ANGELES  ,LOS ANGELES
CA1910046,LOS ANGELES  ,LOS ANGELES
CA1910029,LOS ANGELES  ,LOS ANGELES
CA1910167,LOS ANGELES  ,LOS ANGELES
CA1910155,LOS ANGELES  ,LOS ANGELES
CA1910020,LOS ANGELES  ,LOS ANGELES
CA1910083,LOS ANGELES  ,LOS ANGELES
CA1910073,LOS ANGELES  ,LOS ANGELES
CA1910157,LOS ANGELES  ,LOS ANGELES
CA1910027,LOS ANGELES  ,LOS ANGELES
CA1910075,LOS ANGELES  ,LOS ANGELES
CA1900975,LOS ANGELES  ,LOS ANGELES
CA1910067,LOS ANGELES  ,LOS ANGELES
CA1910059,LOS ANGELES  ,LOS ANGELES
CA1910148,LOS ANGELES  ,LOS ANGELES
CA1910092,LOS ANGELES  ,LOS ANGELES
CA1900849,LOS ANGELES  ,LOS ANGELES
CA1900804,LOS ANGELES  ,LOS ANGELES
CA1910021,LOS ANGELES  ,LOS ANGELES
CA1910241,LOS ANGELES  ,LOS ANGELES
CA1910161,LOS ANGELES  ,LOS ANGELES
CA1910086,LOS ANGELES  ,LOS ANGELES
CA1910117,LOS ANGELES  ,LOS ANGELES
CA1900100,LOS ANGELES  ,LOS ANGELES
CA1910246,LOS ANGELES  ,LOS ANGELES
CA1910026,LOS ANGELES  ,LOS ANGELES
CA1910169,LOS ANGELES  ,LOS ANGELES
CA1900843,LOS ANGELES  ,LOS ANGELES
CA1910025,LOS ANGELES  ,LOS ANGELES
CA1910143,LOS ANGELES  ,LOS ANGELES
CA1910040,LOS ANGELES  ,LOS ANGELES
CA1900721,LOS ANGELES  ,LOS ANGELES
CA1910249,LOS ANGELES  ,LOS ANGELES
CA1900130,LOS ANGELES  ,LOS ANGELES
CA1900154,LOS ANGELES  ,LOS ANGELES
CA1900803,LOS ANGELES  ,LOS ANGELES
CA1910091,LOS ANGELES  ,LOS ANGELES
CA1910035,LOS ANGELES  ,LOS ANGELES
CA1910108,LOS ANGELES  ,LOS ANGELES
CA1910063,LOS ANGELES  ,LOS ANGELES
CA1910159,LOS ANGELES  ,LOS ANGELES
CA1910038,LOS ANGELES  ,LOS ANGELES
CA1910124,LOS ANGELES  ,LOS ANGELES
CA1910205,LOS ANGELES  ,LOS ANGELES
CA1910019,LOS ANGELES  ,LOS ANGELES
CA1900785,LOS ANGELES  ,LOS ANGELES
CA1900794,LOS ANGELES  ,LOS ANGELES
CA1910066,LOS ANGELES  ,LOS ANGELES
CA1910105,LOS ANGELES  ,LOS ANGELES
CA1910134,LOS ANGELES  ,LOS ANGELES
CA1910173,LOS ANGELES  ,LOS ANGELES
CA1900767,LOS ANGELES  ,LOS ANGELES
CA1910200,LOS ANGELES  ,LOS ANGELES
CA1900537,LOS ANGELES  ,LOS ANGELES
CA1900649,LOS ANGELES  ,LOS ANGELES
CA1910056,LOS ANGELES  ,LOS ANGELES
CA1910099,LOS ANGELES  ,LOS ANGELES
CA1910160,LOS ANGELES  ,LOS ANGELES
CA1900145,LOS ANGELES  ,LOS ANGELES
CA1900809,LOS ANGELES  ,LOS ANGELES
CA1900146,LOS ANGELES  ,LOS ANGELES
CA1910062,LOS ANGELES  ,LOS ANGELES
CA1910154,LOS ANGELES  ,LOS ANGELES
CA1910189,LOS ANGELES  ,LOS ANGELES
CA1910149,LOS ANGELES  ,LOS ANGELES
CA1900801,LOS ANGELES  ,LOS ANGELES
CA1900055,LOS ANGELES  ,LOS ANGELES
CA1910061,LOS ANGELES  ,LOS ANGELES
CA1900936,LOS ANGELES  ,LOS ANGELES
CA1900102,LOS ANGELES  ,LOS ANGELES
CA1900523,LOS ANGELES  ,LOS ANGELES
CA1910081,LOS ANGELES  ,LOS ANGELES
CA1909006,LOS ANGELES  ,LOS ANGELES
CA1900817,LOS ANGELES  ,LOS ANGELES
CA1910127,LOS ANGELES  ,LOS ANGELES
CA1910101,LOS ANGELES  ,LOS ANGELES
CA1900301,LOS ANGELES  ,LOS ANGELES
CA1910244,LOS ANGELES  ,LOS ANGELES
CA1900913,LOS ANGELES  ,LOS ANGELES
CA1910001,LOS ANGELES  ,LOS ANGELES
CA1910140,LOS ANGELES  ,LOS ANGELES
CA1910085,LOS ANGELES  ,LOS ANGELES
CA1910144,LOS ANGELES  ,LOS ANGELES
CA1910139,LOS ANGELES  ,LOS ANGELES
CA1910247,LOS ANGELES  ,LOS ANGELES
CA1910240,LOS ANGELES  ,LOS ANGELES
CA1910005,LOS ANGELES  ,LOS ANGELES
CA1910010,LOS ANGELES  ,LOS ANGELES
CA1910033,LOS ANGELES  ,LOS ANGELES
CA1910036,LOS ANGELES  ,LOS ANGELES
CA1910047,LOS ANGELES  ,LOS ANGELES
CA1910050,LOS ANGELES  ,LOS ANGELES
CA1910070,LOS ANGELES  ,LOS ANGELES
CA1910104,LOS ANGELES  ,LOS ANGELES
CA1910185,LOS ANGELES  ,LOS ANGELES
CA1910242,LOS ANGELES  ,LOS ANGELES
CA1910243,LOS ANGELES  ,LOS ANGELES
CA1910248,LOS ANGELES  ,LOS ANGELES
CA1900693,LOS ANGELES  ,LOS ANGELES
CA1910043,LOS ANGELES  ,LOS ANGELES
CA1910174,LOS ANGELES  ,LOS ANGELES
CA1910152,LOS ANGELES  ,LOS ANGELES
CA1910225,LOS ANGELES  ,LOS ANGELES
CA1910255,LOS ANGELES  ,LOS ANGELES
CA1910042,LOS ANGELES  ,LOS ANGELES
CA1910125,LOS ANGELES  ,LOS ANGELES
CA1910030,LOS ANGELES  ,LOS ANGELES
CA1910077,LOS ANGELES  ,LOS ANGELES
CA1910142,LOS ANGELES  ,LOS ANGELES
CA1910212,LOS ANGELES  ,LOS ANGELES
CA1910223,LOS ANGELES  ,LOS ANGELES
CA1910186,LOS ANGELES  ,LOS ANGELES
CA1910011,LOS ANGELES  ,LOS ANGELES
CA1910250,LOS ANGELES  ,LOS ANGELES
CA1910156,LOS ANGELES  ,LOS ANGELES
CA1910039,LOS ANGELES  ,LOS ANGELES
CA1900563,LOS ANGELES  ,LOS ANGELES
CA1910191,LOS ANGELES  ,LOS ANGELES
CA1910072,LOS ANGELES  ,LOS ANGELES
CA1910195,LOS ANGELES  ,LOS ANGELES
CA1910013,LOS ANGELES  ,LOS ANGELES
CA1910034,LOS ANGELES  ,LOS ANGELES
CA1910204,LOS ANGELES  ,LOS ANGELES
CA1900520,LOS ANGELES  ,LOS ANGELES
CA1910084,LOS ANGELES  ,LOS ANGELES
CA1910102,LOS ANGELES  ,LOS ANGELES
CA1910165,LOS ANGELES  ,LOS ANGELES
CA1900942,LOS ANGELES  ,LOS ANGELES
CA1910126,LOS ANGELES  ,LOS ANGELES
CA1900903,LOS ANGELES  ,LOS ANGELES
CA1900155,LOS ANGELES  ,LOS ANGELES
CA1910002,LOS ANGELES  ,LOS ANGELES
CA1910203,LOS ANGELES  ,LOS ANGELES
CA1910096,LOS ANGELES  ,LOS ANGELES
CA1910017,LOS ANGELES  ,LOS ANGELES
CA1910049,LOS ANGELES  ,LOS ANGELES
CA1900075,LOS ANGELES  ,LOS ANGELES
CA1900541,LOS ANGELES  ,LOS ANGELES
CA1910007,LOS ANGELES  ,LOS ANGELES
CA1910060,LOS ANGELES  ,LOS ANGELES
CA1910051,LOS ANGELES  ,LOS ANGELES
CA1907028,LOS ANGELES  ,LOS ANGELES
CA1900158,LOS ANGELES  ,LOS ANGELES
CA1910130,LOS ANGELES  ,LOS ANGELES
CA1910024,LOS ANGELES  ,LOS ANGELES
CA1910163,LOS ANGELES  ,LOS ANGELES
CA1910179,LOS ANGELES  ,LOS ANGELES
CA1910218,LOS ANGELES  ,LOS ANGELES
CA1910052,LOS ANGELES  ,LOS ANGELES
CA1910245,LOS ANGELES  ,LOS ANGELES
CA2000509,MADERA  ,MADERA
CA2000593,MADERA  ,MADERA
CA2000592,MADERA  ,MADERA
CA2010011,MADERA  ,MADERA
CA2000552,MADERA  ,MADERA
CA2000828,MADERA  ,MADERA
CA2000605,MADERA  ,MADERA
CA2000865,MADERA  ,MADERA
CA2000512,MADERA  ,MADERA
CA2000526,MADERA  ,MADERA
CA2000551,MADERA  ,MADERA
CA2000608,MADERA  ,MADERA
CA2010002,MADERA  ,MADERA
CA2000530,MADERA  ,MADERA
CA2000729,MADERA  ,MADERA
CA2000849,MADERA  ,MADERA
CA2010003,MADERA  ,MADERA
CA2000533,MADERA  ,MADERA
CA2000561,MADERA  ,MADERA
CA2000724,MADERA  ,MADERA
CA2000851,MADERA  ,MADERA
CA2000544,MADERA  ,MADERA
CA2000692,MADERA  ,MADERA
CA2010001,MADERA  ,MADERA
CA2010010,MADERA  ,MADERA
CA2010009,MADERA  ,MADERA
CA2000595,MADERA  ,MADERA
CA2000589,MADERA  ,MADERA
CA2000554,MADERA  ,MADERA
CA2000690,MADERA  ,MADERA
CA2000506,MADERA  ,MADERA
CA2000293,MADERA  ,MADERA
CA2000529,MADERA  ,MADERA
CA2010005,MADERA  ,MADERA
CA2000549,MADERA  ,MADERA
CA2000538,MADERA  ,MADERA
CA2000502,MADERA  ,MADERA
CA2000521,MADERA  ,MADERA
CA2000557,MADERA  ,MADERA
CA2010006,MADERA  ,MADERA
CA2000728,MADERA  ,MADERA
CA2000775,MADERA  ,MADERA
CA2000527,MADERA  ,MADERA
CA2010004,MADERA  ,MADERA
CA2000524,MADERA  ,MADERA
CA2010012,MADERA  ,MADERA
CA2010013,MADERA  ,MADERA
CA2010014,MADERA  ,MADERA
CA2000511,MADERA  ,MADERA
CA2000737,MADERA  ,MADERA
CA2000727,MADERA  ,MADERA
CA2000534,MADERA  ,MADERA
CA2010007,MADERA  ,MADERA
CA2000553,MADERA  ,MADERA
CA2000501,MADERA  ,MADERA
CA2000757,MADERA  ,MADERA
CA2010008,MADERA  ,MADERA
CA2010017,MADERA  ,MADERA
CA2110005,MARIN  ,MARIN
CA2100579,MARIN  ,MARIN
CA2100508,MARIN  ,MARIN
CA2110006,MARIN  ,MARIN
CA2110001,MARIN  ,MARIN
CA2110002,MARIN  ,MARIN
CA2110007,MARIN  ,MARIN
CA2110004,MARIN  ,MARIN
CA2100519,MARIN  ,MARIN
CA2210903,MARIPOSA  ,MARIPOSA
CA2210002,MARIPOSA  ,MARIPOSA
CA2210906,MARIPOSA  ,MARIPOSA
CA2210905,MARIPOSA  ,MARIPOSA
CA2210901,MARIPOSA  ,MARIPOSA
CA2210924,MARIPOSA  ,MARIPOSA
CA2210001,MARIPOSA  ,MARIPOSA
CA2210925,MARIPOSA  ,MARIPOSA
CA2300606,MENDOCINO  ,MENDOCINO
CA2300514,MENDOCINO  ,MENDOCINO
CA2310002,MENDOCINO  ,MENDOCINO
CA2310005,MENDOCINO  ,MENDOCINO
CA2310003,MENDOCINO  ,MENDOCINO
CA2300646,MENDOCINO  ,MENDOCINO
CA2300610,MENDOCINO  ,MENDOCINO
CA2310013,MENDOCINO  ,MENDOCINO
CA2300644,MENDOCINO  ,MENDOCINO
CA2300605,MENDOCINO  ,MENDOCINO
CA2300892,MENDOCINO  ,MENDOCINO
CA2310008,MENDOCINO  ,MENDOCINO
CA2310012,MENDOCINO  ,MENDOCINO
CA2300634,MENDOCINO  ,MENDOCINO
CA2300507,MENDOCINO  ,MENDOCINO
CA2300743,MENDOCINO  ,MENDOCINO
CA2310007,MENDOCINO  ,MENDOCINO
CA2300705,MENDOCINO  ,MENDOCINO
CA2300502,MENDOCINO  ,MENDOCINO
CA2310006,MENDOCINO  ,MENDOCINO
CA2300545,MENDOCINO  ,MENDOCINO
CA2300667,MENDOCINO  ,MENDOCINO
CA2300668,MENDOCINO  ,MENDOCINO
CA2300832,MENDOCINO  ,MENDOCINO
CA2310004,MENDOCINO  ,MENDOCINO
CA2310001,MENDOCINO  ,MENDOCINO
CA2300591,MENDOCINO  ,MENDOCINO
CA2300663,MENDOCINO  ,MENDOCINO
CA2300604,MENDOCINO  ,MENDOCINO
CA2310009,MENDOCINO  ,MENDOCINO
CA2300596,MENDOCINO  ,MENDOCINO
CA2300590,MENDOCINO  ,MENDOCINO
CA2300730,MENDOCINO  ,MENDOCINO
CA2310010,MENDOCINO  ,MENDOCINO
CA2300717,MENDOCINO  ,MENDOCINO
CA2300506,MENDOCINO  ,MENDOCINO
CA2300609,MENDOCINO  ,MENDOCINO
CA2310011,MENDOCINO  ,MENDOCINO
CA2410018,MERCED  ,MERCED
CA2400201,MERCED  ,MERCED
CA2410010,MERCED  ,MERCED
CA2410006,MERCED  ,MERCED
CA2400053,MERCED  ,MERCED
CA2410001,MERCED  ,MERCED
CA2410012,MERCED  ,MERCED
CA2400084,MERCED  ,MERCED
CA2410004,MERCED  ,MERCED
CA2400128,MERCED  ,MERCED
CA2410002,MERCED  ,MERCED
CA2400167,MERCED  ,MERCED
CA2410007,MERCED  ,MERCED
CA2410005,MERCED  ,MERCED
CA2410008,MERCED  ,MERCED
CA2410011,MERCED  ,MERCED
CA2400209,MERCED  ,MERCED
CA2410003,MERCED  ,MERCED
CA2510002,MODOC  ,MERCED
CA2500503,MODOC  ,MERCED
CA2500801,MODOC  ,MERCED
CA2510001,MODOC  ,MERCED
CA2600714,MONO  ,MONO
CA2600547,MONO  ,MONO
CA2600622,MONO  ,MONO
CA2600532,MONO  ,MONO
CA2600699,MONO  ,MONO
CA2610005,MONO  ,MONO
CA2610004,MONO  ,MONO
CA2600501,MONO  ,MONO
CA2600538,MONO  ,MONO
CA2600621,MONO  ,MONO
CA2610002,MONO  ,MONO
CA2610001,MONO  ,MONO
CA2600546,MONO  ,MONO
CA2600620,MONO  ,MONO
CA2600733,MONO  ,MONO
CA2610003,MONO  ,MONO
CA2700970,MONTEREY  ,MONTEREY
CA2702405,MONTEREY  ,MONTEREY
CA2710020,MONTEREY  ,MONTEREY
CA2700837,MONTEREY  ,MONTEREY
CA2710007,MONTEREY  ,MONTEREY
CA2700547,MONTEREY  ,MONTEREY
CA2710022,MONTEREY  ,MONTEREY
CA2700775,MONTEREY  ,MONTEREY
CA2710005,MONTEREY  ,MONTEREY
CA2701452,MONTEREY  ,MONTEREY
CA2702198,MONTEREY  ,MONTEREY
CA2700522,MONTEREY  ,MONTEREY
CA2701959,MONTEREY  ,MONTEREY
CA2702003,MONTEREY  ,MONTEREY
CA2701553,MONTEREY  ,MONTEREY
CA2701789,MONTEREY  ,MONTEREY
CA2700772,MONTEREY  ,MONTEREY
CA2701676,MONTEREY  ,MONTEREY
CA2700709,MONTEREY  ,MONTEREY
CA2701926,MONTEREY  ,MONTEREY
CA2701687,MONTEREY  ,MONTEREY
CA2700773,MONTEREY  ,MONTEREY
CA2700534,MONTEREY  ,MONTEREY
CA2700771,MONTEREY  ,MONTEREY
CA2702388,MONTEREY  ,MONTEREY
CA2701658,MONTEREY  ,MONTEREY
CA2700792,MONTEREY  ,MONTEREY
CA2701670,MONTEREY  ,MONTEREY
CA2710006,MONTEREY  ,MONTEREY
CA2701589,MONTEREY  ,MONTEREY
CA2701279,MONTEREY  ,MONTEREY
CA2701278,MONTEREY  ,MONTEREY
CA2702554,MONTEREY  ,MONTEREY
CA2700663,MONTEREY  ,MONTEREY
CA2700548,MONTEREY  ,MONTEREY
CA2702094,MONTEREY  ,MONTEREY
CA2700838,MONTEREY  ,MONTEREY
CA2702439,MONTEREY  ,MONTEREY
CA2700799,MONTEREY  ,MONTEREY
CA2701263,MONTEREY  ,MONTEREY
CA2710023,MONTEREY  ,MONTEREY
CA2700713,MONTEREY  ,MONTEREY
CA2701740,MONTEREY  ,MONTEREY
CA2701888,MONTEREY  ,MONTEREY
CA2702374,MONTEREY  ,MONTEREY
CA2700686,MONTEREY  ,MONTEREY
CA2701515,MONTEREY  ,MONTEREY
CA2700612,MONTEREY  ,MONTEREY
CA2701800,MONTEREY  ,MONTEREY
CA2700634,MONTEREY  ,MONTEREY
CA2700665,MONTEREY  ,MONTEREY
CA2701701,MONTEREY  ,MONTEREY
CA2710018,MONTEREY  ,MONTEREY
CA2700674,MONTEREY  ,MONTEREY
CA2701956,MONTEREY  ,MONTEREY
CA2700731,MONTEREY  ,MONTEREY
CA2700509,MONTEREY  ,MONTEREY
CA2701929,MONTEREY  ,MONTEREY
CA2700503,MONTEREY  ,MONTEREY
CA2701935,MONTEREY  ,MONTEREY
CA2701355,MONTEREY  ,MONTEREY
CA2701503,MONTEREY  ,MONTEREY
CA2702466,MONTEREY  ,MONTEREY
CA2701570,MONTEREY  ,MONTEREY
CA2702026,MONTEREY  ,MONTEREY
CA2700656,MONTEREY  ,MONTEREY
CA2702055,MONTEREY  ,MONTEREY
CA2701257,MONTEREY  ,MONTEREY
CA2702004,MONTEREY  ,MONTEREY
CA2700586,MONTEREY  ,MONTEREY
CA2702608,MONTEREY  ,MONTEREY
CA2702409,MONTEREY  ,MONTEREY
CA2702256,MONTEREY  ,MONTEREY
CA2702148,MONTEREY  ,MONTEREY
CA2700787,MONTEREY  ,MONTEREY
CA2700606,MONTEREY  ,MONTEREY
CA2701822,MONTEREY  ,MONTEREY
CA2710009,MONTEREY  ,MONTEREY
CA2710012,MONTEREY  ,MONTEREY
CA2710017,MONTEREY  ,MONTEREY
CA2701202,MONTEREY  ,MONTEREY
CA2710004,MONTEREY  ,MONTEREY
CA2701731,MONTEREY  ,MONTEREY
CA2710001,MONTEREY  ,MONTEREY
CA2710010,MONTEREY  ,MONTEREY
CA2710013,MONTEREY  ,MONTEREY
CA2710019,MONTEREY  ,MONTEREY
CA2710011,MONTEREY  ,MONTEREY
CA2702588,MONTEREY  ,MONTEREY
CA2700511,MONTEREY  ,MONTEREY
CA2710021,MONTEREY  ,MONTEREY
CA2700536,MONTEREY  ,MONTEREY
CA2701367,MONTEREY  ,MONTEREY
CA2702007,MONTEREY  ,MONTEREY
CA2701254,MONTEREY  ,MONTEREY
CA2700523,MONTEREY  ,MONTEREY
CA2701898,MONTEREY  ,MONTEREY
CA2701906,MONTEREY  ,MONTEREY
CA2702520,MONTEREY  ,MONTEREY
CA2701364,MONTEREY  ,MONTEREY
CA2701918,MONTEREY  ,MONTEREY
CA2700702,MONTEREY  ,MONTEREY
CA2710016,MONTEREY  ,MONTEREY
CA2710008,MONTEREY  ,MONTEREY
CA2300638,NA,NA
CA3600108,NA,NA
CA5301010,NA,NA
CA1400024,NA,NA
CA2810007,NAPA  ,NAPA
CA2810004,NAPA  ,NAPA
CA2800516,NAPA  ,NAPA
CA2800532,NAPA  ,NAPA
CA2810003,NAPA  ,NAPA
CA2810014,NAPA  ,NAPA
CA2810013,NAPA  ,NAPA
CA2810002,NAPA  ,NAPA
CA2800525,NAPA  ,NAPA
CA2800528,NAPA  ,NAPA
CA2800521,NAPA  ,NAPA
CA2800527,NAPA  ,NAPA
CA2800543,NAPA  ,NAPA
CA2800530,NAPA  ,NAPA
CA2800526,NAPA  ,NAPA
CA2810005,NAPA  ,NAPA
CA2810001,NAPA  ,NAPA
CA2801080,NAPA  ,NAPA
CA2900502,NEVADA  ,NEVADA
CA2910002,NEVADA  ,NEVADA
CA2910014,NEVADA  ,NEVADA
CA2910006,NEVADA  ,NEVADA
CA2910011,NEVADA  ,NEVADA
CA2900548,NEVADA  ,NEVADA
CA2900511,NEVADA  ,NEVADA
CA2910003,NEVADA  ,NEVADA
CA2900531,NEVADA  ,NEVADA
CA2900523,NEVADA  ,NEVADA
CA2900529,NEVADA  ,NEVADA
CA2910001,NEVADA  ,NEVADA
CA2910004,NEVADA  ,NEVADA
CA2910010,NEVADA  ,NEVADA
CA2910023,NEVADA  ,NEVADA
CA2900530,NEVADA  ,NEVADA
CA2910016,NEVADA  ,NEVADA
CA3010079,ORANGE  ,ORANGE
CA3010068,ORANGE  ,ORANGE
CA3010064,ORANGE  ,ORANGE
CA3010018,ORANGE  ,ORANGE
CA3000618,ORANGE  ,ORANGE
CA3010042,ORANGE  ,ORANGE
CA3010004,ORANGE  ,ORANGE
CA3010038,ORANGE  ,ORANGE
CA3010062,ORANGE  ,ORANGE
CA3010053,ORANGE  ,ORANGE
CA3010041,ORANGE  ,ORANGE
CA3010002,ORANGE  ,ORANGE
CA3010030,ORANGE  ,ORANGE
CA3010097,ORANGE  ,ORANGE
CA3010036,ORANGE  ,ORANGE
CA3010010,ORANGE  ,ORANGE
CA3010094,ORANGE  ,ORANGE
CA3010092,ORANGE  ,ORANGE
CA3010037,ORANGE  ,ORANGE
CA3010046,ORANGE  ,ORANGE
CA3010069,ORANGE  ,ORANGE
CA3010008,ORANGE  ,ORANGE
CA3010101,ORANGE  ,ORANGE
CA3000825,ORANGE  ,ORANGE
CA3010001,ORANGE  ,ORANGE
CA3010100,ORANGE  ,ORANGE
CA3010017,ORANGE  ,ORANGE
CA3000519,ORANGE  ,ORANGE
CA3000585,ORANGE  ,ORANGE
CA3010027,ORANGE  ,ORANGE
CA3010073,ORANGE  ,ORANGE
CA3010022,ORANGE  ,ORANGE
CA3010035,ORANGE  ,ORANGE
CA3010047,ORANGE  ,ORANGE
CA3010003,ORANGE  ,ORANGE
CA3010023,ORANGE  ,ORANGE
CA3100528,PLACER  ,PLACER
CA3100069,PLACER  ,PLACER
CA3110041,PLACER  ,PLACER
CA3110009,PLACER  ,PLACER
CA3110035,PLACER  ,PLACER
CA3110124,PLACER  ,PLACER
CA3103836,PLACER  ,PLACER
CA3103835,PLACER  ,PLACER
CA3110044,PLACER  ,PLACER
CA3110010,PLACER  ,PLACER
CA3110011,PLACER  ,PLACER
CA3110017,PLACER  ,PLACER
CA3100043,PLACER  ,PLACER
CA3110020,PLACER  ,PLACER
CA3110018,PLACER  ,PLACER
CA3110036,PLACER  ,PLACER
CA3110003,PLACER  ,PLACER
CA3110019,PLACER  ,PLACER
CA3110023,PLACER  ,PLACER
CA3110012,PLACER  ,PLACER
CA3110048,PLACER  ,PLACER
CA3100538,PLACER  ,PLACER
CA3110008,PLACER  ,PLACER
CA3100029,PLACER  ,PLACER
CA3110047,PLACER  ,PLACER
CA3100038,PLACER  ,PLACER
CA3110042,PLACER  ,PLACER
CA3110029,PLACER  ,PLACER
CA3107339,PLACER  ,PLACER
CA3110001,PLACER  ,PLACER
CA3100011,PLACER  ,PLACER
CA3110034,PLACER  ,PLACER
CA3100041,PLACER  ,PLACER
CA3103310,PLACER  ,PLACER
CA3100040,PLACER  ,PLACER
CA3110028,PLACER  ,PLACER
CA3110051,PLACER  ,PLACER
CA3110026,PLACER  ,PLACER
CA3110015,PLACER  ,PLACER
CA3110031,PLACER  ,PLACER
CA3110005,PLACER  ,PLACER
CA3110006,PLACER  ,PLACER
CA3110024,PLACER  ,PLACER
CA3110025,PLACER  ,PLACER
CA3110040,PLACER  ,PLACER
CA3110050,PLACER  ,PLACER
CA3110049,PLACER  ,PLACER
CA3110022,PLACER  ,PLACER
CA3110150,PLACER  ,PLACER
CA3110004,PLACER  ,PLACER
CA3210011,PLUMAS  ,PLUMAS
CA3200148,PLUMAS  ,PLUMAS
CA3210001,PLUMAS  ,PLUMAS
CA3200107,PLUMAS  ,PLUMAS
CA3200104,PLUMAS  ,PLUMAS
CA3210005,PLUMAS  ,PLUMAS
CA3200114,PLUMAS  ,PLUMAS
CA3200155,PLUMAS  ,PLUMAS
CA3200102,PLUMAS  ,PLUMAS
CA3205006,PLUMAS  ,PLUMAS
CA3205001,PLUMAS  ,PLUMAS
CA3210006,PLUMAS  ,PLUMAS
CA3200138,PLUMAS  ,PLUMAS
CA3205003,PLUMAS  ,PLUMAS
CA3200188,PLUMAS  ,PLUMAS
CA3210003,PLUMAS  ,PLUMAS
CA3200510,PLUMAS  ,PLUMAS
CA3200189,PLUMAS  ,PLUMAS
CA3200078,PLUMAS  ,PLUMAS
CA3200127,PLUMAS  ,PLUMAS
CA3200195,PLUMAS  ,PLUMAS
CA3210007,PLUMAS  ,PLUMAS
CA3200509,PLUMAS  ,PLUMAS
CA3210009,PLUMAS  ,PLUMAS
CA3210010,PLUMAS  ,PLUMAS
CA3200134,PLUMAS  ,PLUMAS
CA3210004,PLUMAS  ,PLUMAS
CA3301943,RIVERSIDE  ,RIVERSIDE
CA3310017,RIVERSIDE  ,RIVERSIDE
CA3301528,RIVERSIDE  ,RIVERSIDE
CA3310002,RIVERSIDE  ,RIVERSIDE
CA3301588,RIVERSIDE  ,RIVERSIDE
CA3310033,RIVERSIDE  ,RIVERSIDE
CA3310051,RIVERSIDE  ,RIVERSIDE
CA3301115,RIVERSIDE  ,RIVERSIDE
CA3303035,RIVERSIDE  ,RIVERSIDE
CA3301511,RIVERSIDE  ,RIVERSIDE
CA3301180,RIVERSIDE  ,RIVERSIDE
CA3301577,RIVERSIDE  ,RIVERSIDE
CA3310038,RIVERSIDE  ,RIVERSIDE
CA3301682,RIVERSIDE  ,RIVERSIDE
CA3310028,RIVERSIDE  ,RIVERSIDE
CA3301630,RIVERSIDE  ,RIVERSIDE
CA3310032,RIVERSIDE  ,RIVERSIDE
CA3301990,RIVERSIDE  ,RIVERSIDE
CA3310022,RIVERSIDE  ,RIVERSIDE
CA3301482,RIVERSIDE  ,RIVERSIDE
CA3301428,RIVERSIDE  ,RIVERSIDE
CA3301209,RIVERSIDE  ,RIVERSIDE
CA3310016,RIVERSIDE  ,RIVERSIDE
CA3301380,RIVERSIDE  ,RIVERSIDE
CA3301028,RIVERSIDE  ,RIVERSIDE
CA3310030,RIVERSIDE  ,RIVERSIDE
CA3310029,RIVERSIDE  ,RIVERSIDE
CA3301676,RIVERSIDE  ,RIVERSIDE
CA3301040,RIVERSIDE  ,RIVERSIDE
CA3301879,RIVERSIDE  ,RIVERSIDE
CA3310008,RIVERSIDE  ,RIVERSIDE
CA3310078,RIVERSIDE  ,RIVERSIDE
CA3310044,RIVERSIDE  ,RIVERSIDE
CA3301018,RIVERSIDE  ,RIVERSIDE
CA3310037,RIVERSIDE  ,RIVERSIDE
CA3310019,RIVERSIDE  ,RIVERSIDE
CA3301502,RIVERSIDE  ,RIVERSIDE
CA3310080,RIVERSIDE  ,RIVERSIDE
CA3301381,RIVERSIDE  ,RIVERSIDE
CA3301107,RIVERSIDE  ,RIVERSIDE
CA3301800,RIVERSIDE  ,RIVERSIDE
CA3301529,RIVERSIDE  ,RIVERSIDE
CA3310004,RIVERSIDE  ,RIVERSIDE
CA3310040,RIVERSIDE  ,RIVERSIDE
CA3310020,RIVERSIDE  ,RIVERSIDE
CA3301114,RIVERSIDE  ,RIVERSIDE
CA3301534,RIVERSIDE  ,RIVERSIDE
CA3310082,RIVERSIDE  ,RIVERSIDE
CA3301011,RIVERSIDE  ,RIVERSIDE
CA3301541,RIVERSIDE  ,RIVERSIDE
CA3310007,RIVERSIDE  ,RIVERSIDE
CA3301937,RIVERSIDE  ,RIVERSIDE
CA3301535,RIVERSIDE  ,RIVERSIDE
CA3301877,RIVERSIDE  ,RIVERSIDE
CA3301169,RIVERSIDE  ,RIVERSIDE
CA3301031,RIVERSIDE  ,RIVERSIDE
CA3301717,RIVERSIDE  ,RIVERSIDE
CA3310026,RIVERSIDE  ,RIVERSIDE
CA3310036,RIVERSIDE  ,RIVERSIDE
CA3310049,RIVERSIDE  ,RIVERSIDE
CA3310076,RIVERSIDE  ,RIVERSIDE
CA3310009,RIVERSIDE  ,RIVERSIDE
CA3310052,RIVERSIDE  ,RIVERSIDE
CA3310025,RIVERSIDE  ,RIVERSIDE
CA3310031,RIVERSIDE  ,RIVERSIDE
CA3310048,RIVERSIDE  ,RIVERSIDE
CA3310001,RIVERSIDE  ,RIVERSIDE
CA3310046,RIVERSIDE  ,RIVERSIDE
CA3310006,RIVERSIDE  ,RIVERSIDE
CA3310081,RIVERSIDE  ,RIVERSIDE
CA3310018,RIVERSIDE  ,RIVERSIDE
CA3301045,RIVERSIDE  ,RIVERSIDE
CA3310003,RIVERSIDE  ,RIVERSIDE
CA3310012,RIVERSIDE  ,RIVERSIDE
CA3310021,RIVERSIDE  ,RIVERSIDE
CA3310005,RIVERSIDE  ,RIVERSIDE
CA3301775,RIVERSIDE  ,RIVERSIDE
CA3310047,RIVERSIDE  ,RIVERSIDE
CA3301171,RIVERSIDE  ,RIVERSIDE
CA3301512,RIVERSIDE  ,RIVERSIDE
CA3400179,SACRAMENTO  ,SACRAMENTO
CA3400130,SACRAMENTO  ,SACRAMENTO
CA3400135,SACRAMENTO  ,SACRAMENTO
CA3400107,SACRAMENTO  ,SACRAMENTO
CA3400397,SACRAMENTO  ,SACRAMENTO
CA3400169,SACRAMENTO  ,SACRAMENTO
CA3400296,SACRAMENTO  ,SACRAMENTO
CA3410016,SACRAMENTO  ,SACRAMENTO
CA3410009,SACRAMENTO  ,SACRAMENTO
CA3410004,SACRAMENTO  ,SACRAMENTO
CA3400192,SACRAMENTO  ,SACRAMENTO
CA3400190,SACRAMENTO  ,SACRAMENTO
CA3410030,SACRAMENTO  ,SACRAMENTO
CA3400138,SACRAMENTO  ,SACRAMENTO
CA3410007,SACRAMENTO  ,SACRAMENTO
CA3410003,SACRAMENTO  ,SACRAMENTO
CA3410029,SACRAMENTO  ,SACRAMENTO
CA3410704,SACRAMENTO  ,SACRAMENTO
CA3400433,SACRAMENTO  ,SACRAMENTO
CA3400164,SACRAMENTO  ,SACRAMENTO
CA3400331,SACRAMENTO  ,SACRAMENTO
CA3400191,SACRAMENTO  ,SACRAMENTO
CA3400121,SACRAMENTO  ,SACRAMENTO
CA3400335,SACRAMENTO  ,SACRAMENTO
CA3410017,SACRAMENTO  ,SACRAMENTO
CA3400401,SACRAMENTO  ,SACRAMENTO
CA3410033,SACRAMENTO  ,SACRAMENTO
CA3400156,SACRAMENTO  ,SACRAMENTO
CA3410006,SACRAMENTO  ,SACRAMENTO
CA3400155,SACRAMENTO  ,SACRAMENTO
CA3400149,SACRAMENTO  ,SACRAMENTO
CA3400125,SACRAMENTO  ,SACRAMENTO
CA3400128,SACRAMENTO  ,SACRAMENTO
CA3410047,SACRAMENTO  ,SACRAMENTO
CA3410005,SACRAMENTO  ,SACRAMENTO
CA3410031,SACRAMENTO  ,SACRAMENTO
CA3400122,SACRAMENTO  ,SACRAMENTO
CA3410022,SACRAMENTO  ,SACRAMENTO
CA3400103,SACRAMENTO  ,SACRAMENTO
CA3410013,SACRAMENTO  ,SACRAMENTO
CA3400101,SACRAMENTO  ,SACRAMENTO
CA3410002,SACRAMENTO  ,SACRAMENTO
CA3410010,SACRAMENTO  ,SACRAMENTO
CA3410021,SACRAMENTO  ,SACRAMENTO
CA3410008,SACRAMENTO  ,SACRAMENTO
CA3410015,SACRAMENTO  ,SACRAMENTO
CA3410023,SACRAMENTO  ,SACRAMENTO
CA3400172,SACRAMENTO  ,SACRAMENTO
CA3410011,SACRAMENTO  ,SACRAMENTO
CA3410018,SACRAMENTO  ,SACRAMENTO
CA3400217,SACRAMENTO  ,SACRAMENTO
CA3410001,SACRAMENTO  ,SACRAMENTO
CA3410014,SACRAMENTO  ,SACRAMENTO
CA3410020,SACRAMENTO  ,SACRAMENTO
CA3410012,SACRAMENTO  ,SACRAMENTO
CA3410045,SACRAMENTO  ,SACRAMENTO
CA3400106,SACRAMENTO  ,SACRAMENTO
CA3500576,SAN BENITO  ,SAN BENITO
CA3500556,SAN BENITO  ,SAN BENITO
CA3500006,SAN BENITO  ,SAN BENITO
CA3510006,SAN BENITO  ,SAN BENITO
CA3500505,SAN BENITO  ,SAN BENITO
CA3500578,SAN BENITO  ,SAN BENITO
CA3500510,SAN BENITO  ,SAN BENITO
CA3500552,SAN BENITO  ,SAN BENITO
CA3510004,SAN BENITO  ,SAN BENITO
CA3500910,SAN BENITO  ,SAN BENITO
CA3500836,SAN BENITO  ,SAN BENITO
CA3500549,SAN BENITO  ,SAN BENITO
CA3500825,SAN BENITO  ,SAN BENITO
CA3500904,SAN BENITO  ,SAN BENITO
CA3500912,SAN BENITO  ,SAN BENITO
CA3500911,SAN BENITO  ,SAN BENITO
CA3500581,SAN BENITO  ,SAN BENITO
CA3500575,SAN BENITO  ,SAN BENITO
CA3500579,SAN BENITO  ,SAN BENITO
CA3500550,SAN BENITO  ,SAN BENITO
CA3500509,SAN BENITO  ,SAN BENITO
CA3500823,SAN BENITO  ,SAN BENITO
CA3510003,SAN BENITO  ,SAN BENITO
CA3510001,SAN BENITO  ,SAN BENITO
CA3500900,SAN BENITO  ,SAN BENITO
CA3510002,SAN BENITO  ,SAN BENITO
CA3600399,SAN BERNARDINO  ,SAN BERNARDINO
CA3600087,SAN BERNARDINO  ,SAN BERNARDINO
CA3600064,SAN BERNARDINO  ,SAN BERNARDINO
CA3610053,SAN BERNARDINO  ,SAN BERNARDINO
CA3610016,SAN BERNARDINO  ,SAN BERNARDINO
CA3610117,SAN BERNARDINO  ,SAN BERNARDINO
CA3610060,SAN BERNARDINO  ,SAN BERNARDINO
CA3600025,SAN BERNARDINO  ,SAN BERNARDINO
CA3610011,SAN BERNARDINO  ,SAN BERNARDINO
CA3610028,SAN BERNARDINO  ,SAN BERNARDINO
CA3610015,SAN BERNARDINO  ,SAN BERNARDINO
CA3610002,SAN BERNARDINO  ,SAN BERNARDINO
CA3600155,SAN BERNARDINO  ,SAN BERNARDINO
CA3610045,SAN BERNARDINO  ,SAN BERNARDINO
CA3610073,SAN BERNARDINO  ,SAN BERNARDINO
CA3600345,SAN BERNARDINO  ,SAN BERNARDINO
CA3600022,SAN BERNARDINO  ,SAN BERNARDINO
CA3610052,SAN BERNARDINO  ,SAN BERNARDINO
CA3610050,SAN BERNARDINO  ,SAN BERNARDINO
CA3600086,SAN BERNARDINO  ,SAN BERNARDINO
CA3610049,SAN BERNARDINO  ,SAN BERNARDINO
CA3600220,SAN BERNARDINO  ,SAN BERNARDINO
CA3600094,SAN BERNARDINO  ,SAN BERNARDINO
CA3601010,SAN BERNARDINO  ,SAN BERNARDINO
CA3600157,SAN BERNARDINO  ,SAN BERNARDINO
CA3600226,SAN BERNARDINO  ,SAN BERNARDINO
CA3600184,SAN BERNARDINO  ,SAN BERNARDINO
CA3600180,SAN BERNARDINO  ,SAN BERNARDINO
CA3600200,SAN BERNARDINO  ,SAN BERNARDINO
CA3600156,SAN BERNARDINO  ,SAN BERNARDINO
CA3600262,SAN BERNARDINO  ,SAN BERNARDINO
CA3600185,SAN BERNARDINO  ,SAN BERNARDINO
CA3600270,SAN BERNARDINO  ,SAN BERNARDINO
CA3600279,SAN BERNARDINO  ,SAN BERNARDINO
CA3610043,SAN BERNARDINO  ,SAN BERNARDINO
CA3610107,SAN BERNARDINO  ,SAN BERNARDINO
CA3610108,SAN BERNARDINO  ,SAN BERNARDINO
CA3600400,SAN BERNARDINO  ,SAN BERNARDINO
CA3601036,SAN BERNARDINO  ,SAN BERNARDINO
CA3600139,SAN BERNARDINO  ,SAN BERNARDINO
CA3610854,SAN BERNARDINO  ,SAN BERNARDINO
CA3600123,SAN BERNARDINO  ,SAN BERNARDINO
CA3601045,SAN BERNARDINO  ,SAN BERNARDINO
CA3600385,SAN BERNARDINO  ,SAN BERNARDINO
CA3600196,SAN BERNARDINO  ,SAN BERNARDINO
CA3600158,SAN BERNARDINO  ,SAN BERNARDINO
CA3610004,SAN BERNARDINO  ,SAN BERNARDINO
CA3610062,SAN BERNARDINO  ,SAN BERNARDINO
CA3610118,SAN BERNARDINO  ,SAN BERNARDINO
CA3600088,SAN BERNARDINO  ,SAN BERNARDINO
CA3600008,SAN BERNARDINO  ,SAN BERNARDINO
CA3600009,SAN BERNARDINO  ,SAN BERNARDINO
CA3610064,SAN BERNARDINO  ,SAN BERNARDINO
CA3610109,SAN BERNARDINO  ,SAN BERNARDINO
CA3610038,SAN BERNARDINO  ,SAN BERNARDINO
CA3610021,SAN BERNARDINO  ,SAN BERNARDINO
CA3600397,SAN BERNARDINO  ,SAN BERNARDINO
CA3610032,SAN BERNARDINO  ,SAN BERNARDINO
CA3610036,SAN BERNARDINO  ,SAN BERNARDINO
CA3610125,SAN BERNARDINO  ,SAN BERNARDINO
CA3610121,SAN BERNARDINO  ,SAN BERNARDINO
CA3600391,SAN BERNARDINO  ,SAN BERNARDINO
CA3600107,SAN BERNARDINO  ,SAN BERNARDINO
CA3610082,SAN BERNARDINO  ,SAN BERNARDINO
CA3610023,SAN BERNARDINO  ,SAN BERNARDINO
CA3610033,SAN BERNARDINO  ,SAN BERNARDINO
CA3600071,SAN BERNARDINO  ,SAN BERNARDINO
CA3610003,SAN BERNARDINO  ,SAN BERNARDINO
CA3600301,SAN BERNARDINO  ,SAN BERNARDINO
CA3600089,SAN BERNARDINO  ,SAN BERNARDINO
CA3600306,SAN BERNARDINO  ,SAN BERNARDINO
CA3610037,SAN BERNARDINO  ,SAN BERNARDINO
CA3610018,SAN BERNARDINO  ,SAN BERNARDINO
CA3610046,SAN BERNARDINO  ,SAN BERNARDINO
CA3600031,SAN BERNARDINO  ,SAN BERNARDINO
CA3610041,SAN BERNARDINO  ,SAN BERNARDINO
CA3600166,SAN BERNARDINO  ,SAN BERNARDINO
CA3610112,SAN BERNARDINO  ,SAN BERNARDINO
CA3600297,SAN BERNARDINO  ,SAN BERNARDINO
CA3610013,SAN BERNARDINO  ,SAN BERNARDINO
CA3600070,SAN BERNARDINO  ,SAN BERNARDINO
CA3610085,SAN BERNARDINO  ,SAN BERNARDINO
CA3610034,SAN BERNARDINO  ,SAN BERNARDINO
CA3600012,SAN BERNARDINO  ,SAN BERNARDINO
CA3610093,SAN BERNARDINO  ,SAN BERNARDINO
CA3610025,SAN BERNARDINO  ,SAN BERNARDINO
CA3610031,SAN BERNARDINO  ,SAN BERNARDINO
CA3600114,SAN BERNARDINO  ,SAN BERNARDINO
CA3600785,SAN BERNARDINO  ,SAN BERNARDINO
CA3610001,SAN BERNARDINO  ,SAN BERNARDINO
CA3610051,SAN BERNARDINO  ,SAN BERNARDINO
CA3600386,SAN BERNARDINO  ,SAN BERNARDINO
CA3600209,SAN BERNARDINO  ,SAN BERNARDINO
CA3600446,SAN BERNARDINO  ,SAN BERNARDINO
CA3600260,SAN BERNARDINO  ,SAN BERNARDINO
CA3610055,SAN BERNARDINO  ,SAN BERNARDINO
CA3610024,SAN BERNARDINO  ,SAN BERNARDINO
CA3610114,SAN BERNARDINO  ,SAN BERNARDINO
CA3600222,SAN BERNARDINO  ,SAN BERNARDINO
CA3610022,SAN BERNARDINO  ,SAN BERNARDINO
CA3610044,SAN BERNARDINO  ,SAN BERNARDINO
CA3600027,SAN BERNARDINO  ,SAN BERNARDINO
CA3610105,SAN BERNARDINO  ,SAN BERNARDINO
CA3610047,SAN BERNARDINO  ,SAN BERNARDINO
CA3610063,SAN BERNARDINO  ,SAN BERNARDINO
CA3610048,SAN BERNARDINO  ,SAN BERNARDINO
CA3600283,SAN BERNARDINO  ,SAN BERNARDINO
CA3610026,SAN BERNARDINO  ,SAN BERNARDINO
CA3610030,SAN BERNARDINO  ,SAN BERNARDINO
CA3600258,SAN BERNARDINO  ,SAN BERNARDINO
CA3610008,SAN BERNARDINO  ,SAN BERNARDINO
CA3600010,SAN BERNARDINO  ,SAN BERNARDINO
CA3600388,SAN BERNARDINO  ,SAN BERNARDINO
CA3610029,SAN BERNARDINO  ,SAN BERNARDINO
CA3610057,SAN BERNARDINO  ,SAN BERNARDINO
CA3610039,SAN BERNARDINO  ,SAN BERNARDINO
CA3610014,SAN BERNARDINO  ,SAN BERNARDINO
CA3610012,SAN BERNARDINO  ,SAN BERNARDINO
CA3610009,SAN BERNARDINO  ,SAN BERNARDINO
CA3710047,SAN DIEGO  ,SAN DIEGO
CA3710037,SAN DIEGO  ,SAN DIEGO
CA3700041,SAN DIEGO  ,SAN DIEGO
CA3710021,SAN DIEGO  ,SAN DIEGO
CA3700909,SAN DIEGO  ,SAN DIEGO
CA3710025,SAN DIEGO  ,SAN DIEGO
CA3700923,SAN DIEGO  ,SAN DIEGO
CA3700277,SAN DIEGO  ,SAN DIEGO
CA3700897,SAN DIEGO  ,SAN DIEGO
CA3700933,SAN DIEGO  ,SAN DIEGO
CA3700958,SAN DIEGO  ,SAN DIEGO
CA3701184,SAN DIEGO  ,SAN DIEGO
CA3701747,SAN DIEGO  ,SAN DIEGO
CA3701780,SAN DIEGO  ,SAN DIEGO
CA3700859,SAN DIEGO  ,SAN DIEGO
CA3710015,SAN DIEGO  ,SAN DIEGO
CA3710010,SAN DIEGO  ,SAN DIEGO
CA3710004,SAN DIEGO  ,SAN DIEGO
CA3700934,SAN DIEGO  ,SAN DIEGO
CA3710013,SAN DIEGO  ,SAN DIEGO
CA3701961,SAN DIEGO  ,SAN DIEGO
CA3700936,SAN DIEGO  ,SAN DIEGO
CA3701837,SAN DIEGO  ,SAN DIEGO
CA3700073,SAN DIEGO  ,SAN DIEGO
CA3701995,SAN DIEGO  ,SAN DIEGO
CA3700918,SAN DIEGO  ,SAN DIEGO
CA3700938,SAN DIEGO  ,SAN DIEGO
CA3710016,SAN DIEGO  ,SAN DIEGO
CA3710019,SAN DIEGO  ,SAN DIEGO
CA3710039,SAN DIEGO  ,SAN DIEGO
CA3700962,SAN DIEGO  ,SAN DIEGO
CA3700905,SAN DIEGO  ,SAN DIEGO
CA3710036,SAN DIEGO  ,SAN DIEGO
CA3700074,SAN DIEGO  ,SAN DIEGO
CA3710005,SAN DIEGO  ,SAN DIEGO
CA3710012,SAN DIEGO  ,SAN DIEGO
CA3710011,SAN DIEGO  ,SAN DIEGO
CA3710023,SAN DIEGO  ,SAN DIEGO
CA3701341,SAN DIEGO  ,SAN DIEGO
CA3710009,SAN DIEGO  ,SAN DIEGO
CA3710029,SAN DIEGO  ,SAN DIEGO
CA3700866,SAN DIEGO  ,SAN DIEGO
CA3710041,SAN DIEGO  ,SAN DIEGO
CA3700071,SAN DIEGO  ,SAN DIEGO
CA3710026,SAN DIEGO  ,SAN DIEGO
CA3700422,SAN DIEGO  ,SAN DIEGO
CA3710018,SAN DIEGO  ,SAN DIEGO
CA3701408,SAN DIEGO  ,SAN DIEGO
CA3700291,SAN DIEGO  ,SAN DIEGO
CA3702104,SAN DIEGO  ,SAN DIEGO
CA3710002,SAN DIEGO  ,SAN DIEGO
CA3710008,SAN DIEGO  ,SAN DIEGO
CA3710001,SAN DIEGO  ,SAN DIEGO
CA3710020,SAN DIEGO  ,SAN DIEGO
CA3710034,SAN DIEGO  ,SAN DIEGO
CA3710027,SAN DIEGO  ,SAN DIEGO
CA3701988,SAN DIEGO  ,SAN DIEGO
CA3700937,SAN DIEGO  ,SAN DIEGO
CA3710014,SAN DIEGO  ,SAN DIEGO
CA3710044,SAN DIEGO  ,SAN DIEGO
CA3710006,SAN DIEGO  ,SAN DIEGO
CA3702354,SAN DIEGO  ,SAN DIEGO
CA3810011,SAN FRANCISCO  ,SAN FRANCISCO
CA3810702,SAN FRANCISCO  ,SAN FRANCISCO
CA3810003,SAN FRANCISCO  ,SAN FRANCISCO
CA3910020,SAN JOAQUIN  ,SAN JOAQUIN
CA3900927,SAN JOAQUIN  ,SAN JOAQUIN
CA3900586,SAN JOAQUIN  ,SAN JOAQUIN
CA3900596,SAN JOAQUIN  ,SAN JOAQUIN
CA3900606,SAN JOAQUIN  ,SAN JOAQUIN
CA3910018,SAN JOAQUIN  ,SAN JOAQUIN
CA3901159,SAN JOAQUIN  ,SAN JOAQUIN
CA3901215,SAN JOAQUIN  ,SAN JOAQUIN
CA3910003,SAN JOAQUIN  ,SAN JOAQUIN
CA3900721,SAN JOAQUIN  ,SAN JOAQUIN
CA3901075,SAN JOAQUIN  ,SAN JOAQUIN
CA3900844,SAN JOAQUIN  ,SAN JOAQUIN
CA3901216,SAN JOAQUIN  ,SAN JOAQUIN
CA3901172,SAN JOAQUIN  ,SAN JOAQUIN
CA3900543,SAN JOAQUIN  ,SAN JOAQUIN
CA3900724,SAN JOAQUIN  ,SAN JOAQUIN
CA3900653,SAN JOAQUIN  ,SAN JOAQUIN
CA3901303,SAN JOAQUIN  ,SAN JOAQUIN
CA3910012,SAN JOAQUIN  ,SAN JOAQUIN
CA3900720,SAN JOAQUIN  ,SAN JOAQUIN
CA3900921,SAN JOAQUIN  ,SAN JOAQUIN
CA3910024,SAN JOAQUIN  ,SAN JOAQUIN
CA3900563,SAN JOAQUIN  ,SAN JOAQUIN
CA3901337,SAN JOAQUIN  ,SAN JOAQUIN
CA3900813,SAN JOAQUIN  ,SAN JOAQUIN
CA3900805,SAN JOAQUIN  ,SAN JOAQUIN
CA3910019,SAN JOAQUIN  ,SAN JOAQUIN
CA3910027,SAN JOAQUIN  ,SAN JOAQUIN
CA3910014,SAN JOAQUIN  ,SAN JOAQUIN
CA3900504,SAN JOAQUIN  ,SAN JOAQUIN
CA3900842,SAN JOAQUIN  ,SAN JOAQUIN
CA3900719,SAN JOAQUIN  ,SAN JOAQUIN
CA3900983,SAN JOAQUIN  ,SAN JOAQUIN
CA3900831,SAN JOAQUIN  ,SAN JOAQUIN
CA3900505,SAN JOAQUIN  ,SAN JOAQUIN
CA3900964,SAN JOAQUIN  ,SAN JOAQUIN
CA3910011,SAN JOAQUIN  ,SAN JOAQUIN
CA3910022,SAN JOAQUIN  ,SAN JOAQUIN
CA3900637,SAN JOAQUIN  ,SAN JOAQUIN
CA3900664,SAN JOAQUIN  ,SAN JOAQUIN
CA3900701,SAN JOAQUIN  ,SAN JOAQUIN
CA3900705,SAN JOAQUIN  ,SAN JOAQUIN
CA3901114,SAN JOAQUIN  ,SAN JOAQUIN
CA3901474,SAN JOAQUIN  ,SAN JOAQUIN
CA3910009,SAN JOAQUIN  ,SAN JOAQUIN
CA3900732,SAN JOAQUIN  ,SAN JOAQUIN
CA3910010,SAN JOAQUIN  ,SAN JOAQUIN
CA3900702,SAN JOAQUIN  ,SAN JOAQUIN
CA3901092,SAN JOAQUIN  ,SAN JOAQUIN
CA3900607,SAN JOAQUIN  ,SAN JOAQUIN
CA3900561,SAN JOAQUIN  ,SAN JOAQUIN
CA3900568,SAN JOAQUIN  ,SAN JOAQUIN
CA3910007,SAN JOAQUIN  ,SAN JOAQUIN
CA3910008,SAN JOAQUIN  ,SAN JOAQUIN
CA3900523,SAN JOAQUIN  ,SAN JOAQUIN
CA3900649,SAN JOAQUIN  ,SAN JOAQUIN
CA3901113,SAN JOAQUIN  ,SAN JOAQUIN
CA3900991,SAN JOAQUIN  ,SAN JOAQUIN
CA3900762,SAN JOAQUIN  ,SAN JOAQUIN
CA3901348,SAN JOAQUIN  ,SAN JOAQUIN
CA3900714,SAN JOAQUIN  ,SAN JOAQUIN
CA3900579,SAN JOAQUIN  ,SAN JOAQUIN
CA3900512,SAN JOAQUIN  ,SAN JOAQUIN
CA3900682,SAN JOAQUIN  ,SAN JOAQUIN
CA3900733,SAN JOAQUIN  ,SAN JOAQUIN
CA3910017,SAN JOAQUIN  ,SAN JOAQUIN
CA3910015,SAN JOAQUIN  ,SAN JOAQUIN
CA3901074,SAN JOAQUIN  ,SAN JOAQUIN
CA3900558,SAN JOAQUIN  ,SAN JOAQUIN
CA3910002,SAN JOAQUIN  ,SAN JOAQUIN
CA3901081,SAN JOAQUIN  ,SAN JOAQUIN
CA3900722,SAN JOAQUIN  ,SAN JOAQUIN
CA3900661,SAN JOAQUIN  ,SAN JOAQUIN
CA3910004,SAN JOAQUIN  ,SAN JOAQUIN
CA3910005,SAN JOAQUIN  ,SAN JOAQUIN
CA3900569,SAN JOAQUIN  ,SAN JOAQUIN
CA3900907,SAN JOAQUIN  ,SAN JOAQUIN
CA3900755,SAN JOAQUIN  ,SAN JOAQUIN
CA3900517,SAN JOAQUIN  ,SAN JOAQUIN
CA3900624,SAN JOAQUIN  ,SAN JOAQUIN
CA3910001,SAN JOAQUIN  ,SAN JOAQUIN
CA3900602,SAN JOAQUIN  ,SAN JOAQUIN
CA4010027,SAN LUIS OBISPO  ,SAN LUIS OBISPO
CA4000808,SAN LUIS OBISPO  ,SAN LUIS OBISPO
CA4000568,SAN LUIS OBISPO  ,SAN LUIS OBISPO
CA4000222,SAN LUIS OBISPO  ,SAN LUIS OBISPO
CA4010028,SAN LUIS OBISPO  ,SAN LUIS OBISPO
CA4010016,SAN LUIS OBISPO  ,SAN LUIS OBISPO
CA4010007,SAN LUIS OBISPO  ,SAN LUIS OBISPO
CA4000648,SAN LUIS OBISPO  ,SAN LUIS OBISPO
CA4000805,SAN LUIS OBISPO  ,SAN LUIS OBISPO
CA4000230,SAN LUIS OBISPO  ,SAN LUIS OBISPO
CA4000803,SAN LUIS OBISPO  ,SAN LUIS OBISPO
CA4000507,SAN LUIS OBISPO  ,SAN LUIS OBISPO
CA4000789,SAN LUIS OBISPO  ,SAN LUIS OBISPO
CA4000653,SAN LUIS OBISPO  ,SAN LUIS OBISPO
CA4000654,SAN LUIS OBISPO  ,SAN LUIS OBISPO
CA4000802,SAN LUIS OBISPO  ,SAN LUIS OBISPO
CA4000765,SAN LUIS OBISPO  ,SAN LUIS OBISPO
CA4000670,SAN LUIS OBISPO  ,SAN LUIS OBISPO
CA4000506,SAN LUIS OBISPO  ,SAN LUIS OBISPO
CA4010017,SAN LUIS OBISPO  ,SAN LUIS OBISPO
CA4010018,SAN LUIS OBISPO  ,SAN LUIS OBISPO
CA4010040,SAN LUIS OBISPO  ,SAN LUIS OBISPO
CA4010011,SAN LUIS OBISPO  ,SAN LUIS OBISPO
CA4000650,SAN LUIS OBISPO  ,SAN LUIS OBISPO
CA4010025,SAN LUIS OBISPO  ,SAN LUIS OBISPO
CA4010901,SAN LUIS OBISPO  ,SAN LUIS OBISPO
CA4010026,SAN LUIS OBISPO  ,SAN LUIS OBISPO
CA4000815,SAN LUIS OBISPO  ,SAN LUIS OBISPO
CA4000750,SAN LUIS OBISPO  ,SAN LUIS OBISPO
CA4000744,SAN LUIS OBISPO  ,SAN LUIS OBISPO
CA4000202,SAN LUIS OBISPO  ,SAN LUIS OBISPO
CA4010081,SAN LUIS OBISPO  ,SAN LUIS OBISPO
CA4010004,SAN LUIS OBISPO  ,SAN LUIS OBISPO
CA4000637,SAN LUIS OBISPO  ,SAN LUIS OBISPO
CA4000214,SAN LUIS OBISPO  ,SAN LUIS OBISPO
CA4000771,SAN LUIS OBISPO  ,SAN LUIS OBISPO
CA4000749,SAN LUIS OBISPO  ,SAN LUIS OBISPO
CA4000523,SAN LUIS OBISPO  ,SAN LUIS OBISPO
CA4010024,SAN LUIS OBISPO  ,SAN LUIS OBISPO
CA4000554,SAN LUIS OBISPO  ,SAN LUIS OBISPO
CA4000775,SAN LUIS OBISPO  ,SAN LUIS OBISPO
CA4010009,SAN LUIS OBISPO  ,SAN LUIS OBISPO
CA4000716,SAN LUIS OBISPO  ,SAN LUIS OBISPO
CA4000200,SAN LUIS OBISPO  ,SAN LUIS OBISPO
CA4000649,SAN LUIS OBISPO  ,SAN LUIS OBISPO
CA4010002,SAN LUIS OBISPO  ,SAN LUIS OBISPO
CA4010015,SAN LUIS OBISPO  ,SAN LUIS OBISPO
CA4010008,SAN LUIS OBISPO  ,SAN LUIS OBISPO
CA4010014,SAN LUIS OBISPO  ,SAN LUIS OBISPO
CA4010006,SAN LUIS OBISPO  ,SAN LUIS OBISPO
CA4010003,SAN LUIS OBISPO  ,SAN LUIS OBISPO
CA4010005,SAN LUIS OBISPO  ,SAN LUIS OBISPO
CA4010010,SAN LUIS OBISPO  ,SAN LUIS OBISPO
CA4000705,SAN LUIS OBISPO  ,SAN LUIS OBISPO
CA4010019,SAN LUIS OBISPO  ,SAN LUIS OBISPO
CA4010001,SAN LUIS OBISPO  ,SAN LUIS OBISPO
CA4010012,SAN LUIS OBISPO  ,SAN LUIS OBISPO
CA4010023,SAN LUIS OBISPO  ,SAN LUIS OBISPO
CA4000660,SAN LUIS OBISPO  ,SAN LUIS OBISPO
CA4000631,SAN LUIS OBISPO  ,SAN LUIS OBISPO
CA4000203,SAN LUIS OBISPO  ,SAN LUIS OBISPO
CA4000834,SAN LUIS OBISPO  ,SAN LUIS OBISPO
CA4110021,SAN MATEO  ,SAN MATEO
CA4110001,SAN MATEO  ,SAN MATEO
CA4110011,SAN MATEO  ,SAN MATEO
CA4110022,SAN MATEO  ,SAN MATEO
CA4100503,SAN MATEO  ,SAN MATEO
CA4100512,SAN MATEO  ,SAN MATEO
CA4110009,SAN MATEO  ,SAN MATEO
CA4110024,SAN MATEO  ,SAN MATEO
CA4110006,SAN MATEO  ,SAN MATEO
CA4110016,SAN MATEO  ,SAN MATEO
CA4110023,SAN MATEO  ,SAN MATEO
CA4110017,SAN MATEO  ,SAN MATEO
CA4110012,SAN MATEO  ,SAN MATEO
CA4100510,SAN MATEO  ,SAN MATEO
CA4110007,SAN MATEO  ,SAN MATEO
CA4110019,SAN MATEO  ,SAN MATEO
CA4110020,SAN MATEO  ,SAN MATEO
CA4110027,SAN MATEO  ,SAN MATEO
CA4110025,SAN MATEO  ,SAN MATEO
CA4100555,SAN MATEO  ,SAN MATEO
CA4110010,SAN MATEO  ,SAN MATEO
CA4110002,SAN MATEO  ,SAN MATEO
CA4110005,SAN MATEO  ,SAN MATEO
CA4110008,SAN MATEO  ,SAN MATEO
CA4100509,SAN MATEO  ,SAN MATEO
CA4100582,SAN MATEO  ,SAN MATEO
CA4110013,SAN MATEO  ,SAN MATEO
CA4110018,SAN MATEO  ,SAN MATEO
CA4110003,SAN MATEO  ,SAN MATEO
CA4210017,SANTA BARBARA  ,SANTA BARBARA
CA4210022,SANTA BARBARA  ,SANTA BARBARA
CA4210003,SANTA BARBARA  ,SANTA BARBARA
CA4200822,SANTA BARBARA  ,SANTA BARBARA
CA4200619,SANTA BARBARA  ,SANTA BARBARA
CA4210013,SANTA BARBARA  ,SANTA BARBARA
CA4210700,SANTA BARBARA  ,SANTA BARBARA
CA4200851,SANTA BARBARA  ,SANTA BARBARA
CA4200731,SANTA BARBARA  ,SANTA BARBARA
CA4200579,SANTA BARBARA  ,SANTA BARBARA
CA4200633,SANTA BARBARA  ,SANTA BARBARA
CA4200580,SANTA BARBARA  ,SANTA BARBARA
CA4210006,SANTA BARBARA  ,SANTA BARBARA
CA4210007,SANTA BARBARA  ,SANTA BARBARA
CA4210016,SANTA BARBARA  ,SANTA BARBARA
CA4200837,SANTA BARBARA  ,SANTA BARBARA
CA4200881,SANTA BARBARA  ,SANTA BARBARA
CA4200531,SANTA BARBARA  ,SANTA BARBARA
CA4200572,SANTA BARBARA  ,SANTA BARBARA
CA4210019,SANTA BARBARA  ,SANTA BARBARA
CA4200556,SANTA BARBARA  ,SANTA BARBARA
CA4200616,SANTA BARBARA  ,SANTA BARBARA
CA4200870,SANTA BARBARA  ,SANTA BARBARA
CA4210001,SANTA BARBARA  ,SANTA BARBARA
CA4200842,SANTA BARBARA  ,SANTA BARBARA
CA4200802,SANTA BARBARA  ,SANTA BARBARA
CA4200804,SANTA BARBARA  ,SANTA BARBARA
CA4200827,SANTA BARBARA  ,SANTA BARBARA
CA4200862,SANTA BARBARA  ,SANTA BARBARA
CA4200848,SANTA BARBARA  ,SANTA BARBARA
CA4200891,SANTA BARBARA  ,SANTA BARBARA
CA4200807,SANTA BARBARA  ,SANTA BARBARA
CA4200693,SANTA BARBARA  ,SANTA BARBARA
CA4210011,SANTA BARBARA  ,SANTA BARBARA
CA4210018,SANTA BARBARA  ,SANTA BARBARA
CA4200714,SANTA BARBARA  ,SANTA BARBARA
CA4200678,SANTA BARBARA  ,SANTA BARBARA
CA4200578,SANTA BARBARA  ,SANTA BARBARA
CA4210004,SANTA BARBARA  ,SANTA BARBARA
CA4200800,SANTA BARBARA  ,SANTA BARBARA
CA4210009,SANTA BARBARA  ,SANTA BARBARA
CA4200733,SANTA BARBARA  ,SANTA BARBARA
CA4200612,SANTA BARBARA  ,SANTA BARBARA
CA4200702,SANTA BARBARA  ,SANTA BARBARA
CA4200814,SANTA BARBARA  ,SANTA BARBARA
CA4210020,SANTA BARBARA  ,SANTA BARBARA
CA4200560,SANTA BARBARA  ,SANTA BARBARA
CA4210021,SANTA BARBARA  ,SANTA BARBARA
CA4210002,SANTA BARBARA  ,SANTA BARBARA
CA4200703,SANTA BARBARA  ,SANTA BARBARA
CA4200885,SANTA BARBARA  ,SANTA BARBARA
CA4210024,SANTA BARBARA  ,SANTA BARBARA
CA4210010,SANTA BARBARA  ,SANTA BARBARA
CA4300550,SANTA CLARA  ,SANTA CLARA
CA4300994,SANTA CLARA  ,SANTA CLARA
CA4300521,SANTA CLARA  ,SANTA CLARA
CA4300560,SANTA CLARA  ,SANTA CLARA
CA4300999,SANTA CLARA  ,SANTA CLARA
CA4300615,SANTA CLARA  ,SANTA CLARA
CA4300603,SANTA CLARA  ,SANTA CLARA
CA4300978,SANTA CLARA  ,SANTA CLARA
CA4310007,SANTA CLARA  ,SANTA CLARA
CA4300979,SANTA CLARA  ,SANTA CLARA
CA4310014,SANTA CLARA  ,SANTA CLARA
CA4300740,SANTA CLARA  ,SANTA CLARA
CA4310006,SANTA CLARA  ,SANTA CLARA
CA4300573,SANTA CLARA  ,SANTA CLARA
CA4300771,SANTA CLARA  ,SANTA CLARA
CA4310004,SANTA CLARA  ,SANTA CLARA
CA4300526,SANTA CLARA  ,SANTA CLARA
CA4300517,SANTA CLARA  ,SANTA CLARA
CA4300577,SANTA CLARA  ,SANTA CLARA
CA4300516,SANTA CLARA  ,SANTA CLARA
CA4300542,SANTA CLARA  ,SANTA CLARA
CA4300543,SANTA CLARA  ,SANTA CLARA
CA4300578,SANTA CLARA  ,SANTA CLARA
CA4310011,SANTA CLARA  ,SANTA CLARA
CA4310020,SANTA CLARA  ,SANTA CLARA
CA4310005,SANTA CLARA  ,SANTA CLARA
CA4300992,SANTA CLARA  ,SANTA CLARA
CA4300792,SANTA CLARA  ,SANTA CLARA
CA4300545,SANTA CLARA  ,SANTA CLARA
CA4300562,SANTA CLARA  ,SANTA CLARA
CA4300924,SANTA CLARA  ,SANTA CLARA
CA4300912,SANTA CLARA  ,SANTA CLARA
CA4300856,SANTA CLARA  ,SANTA CLARA
CA4310001,SANTA CLARA  ,SANTA CLARA
CA4310022,SANTA CLARA  ,SANTA CLARA
CA4310018,SANTA CLARA  ,SANTA CLARA
CA4300996,SANTA CLARA  ,SANTA CLARA
CA4300525,SANTA CLARA  ,SANTA CLARA
CA4300571,SANTA CLARA  ,SANTA CLARA
CA4300638,SANTA CLARA  ,SANTA CLARA
CA4301004,SANTA CLARA  ,SANTA CLARA
CA4300637,SANTA CLARA  ,SANTA CLARA
CA4310009,SANTA CLARA  ,SANTA CLARA
CA4300575,SANTA CLARA  ,SANTA CLARA
CA4300630,SANTA CLARA  ,SANTA CLARA
CA4300831,SANTA CLARA  ,SANTA CLARA
CA4300760,SANTA CLARA  ,SANTA CLARA
CA4300522,SANTA CLARA  ,SANTA CLARA
CA4310019,SANTA CLARA  ,SANTA CLARA
CA4301013,SANTA CLARA  ,SANTA CLARA
CA4310021,SANTA CLARA  ,SANTA CLARA
CA4310012,SANTA CLARA  ,SANTA CLARA
CA4300770,SANTA CLARA  ,SANTA CLARA
CA4300741,SANTA CLARA  ,SANTA CLARA
CA4300520,SANTA CLARA  ,SANTA CLARA
CA4300551,SANTA CLARA  ,SANTA CLARA
CA4400692,SANTA CRUZ  ,SANTA CRUZ
CA4400604,SANTA CRUZ  ,SANTA CRUZ
CA4400526,SANTA CRUZ  ,SANTA CRUZ
CA4410016,SANTA CRUZ  ,SANTA CRUZ
CA4400611,SANTA CRUZ  ,SANTA CRUZ
CA4400558,SANTA CRUZ  ,SANTA CRUZ
CA4400608,SANTA CRUZ  ,SANTA CRUZ
CA4400598,SANTA CRUZ  ,SANTA CRUZ
CA4400625,SANTA CRUZ  ,SANTA CRUZ
CA4400631,SANTA CRUZ  ,SANTA CRUZ
CA4400621,SANTA CRUZ  ,SANTA CRUZ
CA4400571,SANTA CRUZ  ,SANTA CRUZ
CA4400605,SANTA CRUZ  ,SANTA CRUZ
CA4400645,SANTA CRUZ  ,SANTA CRUZ
CA4400618,SANTA CRUZ  ,SANTA CRUZ
CA4410018,SANTA CRUZ  ,SANTA CRUZ
CA4410013,SANTA CRUZ  ,SANTA CRUZ
CA4400582,SANTA CRUZ  ,SANTA CRUZ
CA4400665,SANTA CRUZ  ,SANTA CRUZ
CA4400595,SANTA CRUZ  ,SANTA CRUZ
CA4410010,SANTA CRUZ  ,SANTA CRUZ
CA4400652,SANTA CRUZ  ,SANTA CRUZ
CA4400684,SANTA CRUZ  ,SANTA CRUZ
CA4400624,SANTA CRUZ  ,SANTA CRUZ
CA4410017,SANTA CRUZ  ,SANTA CRUZ
CA4410002,SANTA CRUZ  ,SANTA CRUZ
CA4400642,SANTA CRUZ  ,SANTA CRUZ
CA4400528,SANTA CRUZ  ,SANTA CRUZ
CA4400585,SANTA CRUZ  ,SANTA CRUZ
CA4400502,SANTA CRUZ  ,SANTA CRUZ
CA4400599,SANTA CRUZ  ,SANTA CRUZ
CA4400559,SANTA CRUZ  ,SANTA CRUZ
CA4410014,SANTA CRUZ  ,SANTA CRUZ
CA4410011,SANTA CRUZ  ,SANTA CRUZ
CA4400572,SANTA CRUZ  ,SANTA CRUZ
CA4400617,SANTA CRUZ  ,SANTA CRUZ
CA4500092,SHASTA  ,SHASTA
CA4500016,SHASTA  ,SHASTA
CA4500203,SHASTA  ,SHASTA
CA4500008,SHASTA  ,SHASTA
CA4510007,SHASTA  ,SHASTA
CA4500063,SHASTA  ,SHASTA
CA4500062,SHASTA  ,SHASTA
CA4510002,SHASTA  ,SHASTA
CA4510003,SHASTA  ,SHASTA
CA4500028,SHASTA  ,SHASTA
CA4510014,SHASTA  ,SHASTA
CA4500093,SHASTA  ,SHASTA
CA4500200,SHASTA  ,SHASTA
CA4500313,SHASTA  ,SHASTA
CA4500314,SHASTA  ,SHASTA
CA4500173,SHASTA  ,SHASTA
CA4500204,SHASTA  ,SHASTA
CA4500235,SHASTA  ,SHASTA
CA4500106,SHASTA  ,SHASTA
CA4500023,SHASTA  ,SHASTA
CA4510015,SHASTA  ,SHASTA
CA4500027,SHASTA  ,SHASTA
CA4500009,SHASTA  ,SHASTA
CA4500290,SHASTA  ,SHASTA
CA4500107,SHASTA  ,SHASTA
CA4500003,SHASTA  ,SHASTA
CA4510005,SHASTA  ,SHASTA
CA4500007,SHASTA  ,SHASTA
CA4500013,SHASTA  ,SHASTA
CA4500101,SHASTA  ,SHASTA
CA4510009,SHASTA  ,SHASTA
CA4500255,SHASTA  ,SHASTA
CA4510008,SHASTA  ,SHASTA
CA4500082,SHASTA  ,SHASTA
CA4500317,SHASTA  ,SHASTA
CA4500066,SHASTA  ,SHASTA
CA4500015,SHASTA  ,SHASTA
CA4500210,SHASTA  ,SHASTA
CA4500014,SHASTA  ,SHASTA
CA4500006,SHASTA  ,SHASTA
CA4500022,SHASTA  ,SHASTA
CA4500246,SHASTA  ,SHASTA
CA4500081,SHASTA  ,SHASTA
CA4510006,SHASTA  ,SHASTA
CA4500219,SHASTA  ,SHASTA
CA4500098,SHASTA  ,SHASTA
CA4500104,SHASTA  ,SHASTA
CA4500012,SHASTA  ,SHASTA
CA4510011,SHASTA  ,SHASTA
CA4500102,SHASTA  ,SHASTA
CA4500054,SHASTA  ,SHASTA
CA4500089,SHASTA  ,SHASTA
CA4500303,SHASTA  ,SHASTA
CA4510013,SHASTA  ,SHASTA
CA4510001,SHASTA  ,SHASTA
CA4500094,SHASTA  ,SHASTA
CA4500195,SHASTA  ,SHASTA
CA4510016,SHASTA  ,SHASTA
CA4510004,SHASTA  ,SHASTA
CA4610001,SIERRA  ,SIERRA
CA4610002,SIERRA  ,SIERRA
CA4600009,SIERRA  ,SIERRA
CA4600018,SIERRA  ,SIERRA
CA4600012,SIERRA  ,SIERRA
CA4600017,SIERRA  ,SIERRA
CA4600056,SIERRA  ,SIERRA
CA4600019,SIERRA  ,SIERRA
CA4700542,SISKIYOU  ,SISKIYOU
CA4700521,SISKIYOU  ,SISKIYOU
CA4700686,SISKIYOU  ,SISKIYOU
CA4700528,SISKIYOU  ,SISKIYOU
CA4710007,SISKIYOU  ,SISKIYOU
CA4710012,SISKIYOU  ,SISKIYOU
CA4700513,SISKIYOU  ,SISKIYOU
CA4710009,SISKIYOU  ,SISKIYOU
CA4700546,SISKIYOU  ,SISKIYOU
CA4700503,SISKIYOU  ,SISKIYOU
CA4710006,SISKIYOU  ,SISKIYOU
CA4700626,SISKIYOU  ,SISKIYOU
CA4700638,SISKIYOU  ,SISKIYOU
CA4710008,SISKIYOU  ,SISKIYOU
CA4710010,SISKIYOU  ,SISKIYOU
CA4710013,SISKIYOU  ,SISKIYOU
CA4700884,SISKIYOU  ,SISKIYOU
CA4700549,SISKIYOU  ,SISKIYOU
CA4710003,SISKIYOU  ,SISKIYOU
CA4710002,SISKIYOU  ,SISKIYOU
CA4710001,SISKIYOU  ,SISKIYOU
CA4700531,SISKIYOU  ,SISKIYOU
CA4700630,SISKIYOU  ,SISKIYOU
CA4700880,SISKIYOU  ,SISKIYOU
CA4710011,SISKIYOU  ,SISKIYOU
CA4700541,SISKIYOU  ,SISKIYOU
CA4700627,SISKIYOU  ,SISKIYOU
CA4700872,SISKIYOU  ,SISKIYOU
CA4700523,SISKIYOU  ,SISKIYOU
CA4700803,SISKIYOU  ,SISKIYOU
CA4700551,SISKIYOU  ,SISKIYOU
CA4710004,SISKIYOU  ,SISKIYOU
CA4810026,SOLANO  ,SOLANO
CA4810011,SOLANO  ,SOLANO
CA4810008,SOLANO  ,SOLANO
CA4810002,SOLANO  ,SOLANO
CA4810013,SOLANO  ,SOLANO
CA4810012,SOLANO  ,SOLANO
CA4810001,SOLANO  ,SOLANO
CA4810021,SOLANO  ,SOLANO
CA4810025,SOLANO  ,SOLANO
CA4810009,SOLANO  ,SOLANO
CA4810005,SOLANO  ,SOLANO
CA4810010,SOLANO  ,SOLANO
CA4800589,SOLANO  ,SOLANO
CA4800753,SOLANO  ,SOLANO
CA4800564,SOLANO  ,SOLANO
CA4810004,SOLANO  ,SOLANO
CA4810024,SOLANO  ,SOLANO
CA4810003,SOLANO  ,SOLANO
CA4810007,SOLANO  ,SOLANO
CA4900588,SONOMA  ,SONOMA
CA4900603,SONOMA  ,SONOMA
CA4910009,SONOMA  ,SONOMA
CA4900653,SONOMA  ,SONOMA
CA4910013,SONOMA  ,SONOMA
CA4900793,SONOMA  ,SONOMA
CA4900521,SONOMA  ,SONOMA
CA4900673,SONOMA  ,SONOMA
CA4900789,SONOMA  ,SONOMA
CA4900798,SONOMA  ,SONOMA
CA4910010,SONOMA  ,SONOMA
CA4910028,SONOMA  ,SONOMA
CA4900660,SONOMA  ,SONOMA
CA4900728,SONOMA  ,SONOMA
CA4901071,SONOMA  ,SONOMA
CA4900796,SONOMA  ,SONOMA
CA4900634,SONOMA  ,SONOMA
CA4900791,SONOMA  ,SONOMA
CA4910006,SONOMA  ,SONOMA
CA4900599,SONOMA  ,SONOMA
CA4900570,SONOMA  ,SONOMA
CA4900546,SONOMA  ,SONOMA
CA4900605,SONOMA  ,SONOMA
CA4900575,SONOMA  ,SONOMA
CA4900637,SONOMA  ,SONOMA
CA4900667,SONOMA  ,SONOMA
CA4900536,SONOMA  ,SONOMA
CA4900973,SONOMA  ,SONOMA
CA4910029,SONOMA  ,SONOMA
CA4900585,SONOMA  ,SONOMA
CA4900799,SONOMA  ,SONOMA
CA4910021,SONOMA  ,SONOMA
CA4900687,SONOMA  ,SONOMA
CA4900871,SONOMA  ,SONOMA
CA4900547,SONOMA  ,SONOMA
CA4900573,SONOMA  ,SONOMA
CA4900543,SONOMA  ,SONOMA
CA4900630,SONOMA  ,SONOMA
CA4900562,SONOMA  ,SONOMA
CA4900720,SONOMA  ,SONOMA
CA4900794,SONOMA  ,SONOMA
CA4900560,SONOMA  ,SONOMA
CA4900514,SONOMA  ,SONOMA
CA4910002,SONOMA  ,SONOMA
CA4900669,SONOMA  ,SONOMA
CA4901062,SONOMA  ,SONOMA
CA4910014,SONOMA  ,SONOMA
CA4900905,SONOMA  ,SONOMA
CA4900510,SONOMA  ,SONOMA
CA4910012,SONOMA  ,SONOMA
CA4900647,SONOMA  ,SONOMA
CA4900721,SONOMA  ,SONOMA
CA4910003,SONOMA  ,SONOMA
CA4900553,SONOMA  ,SONOMA
CA4900901,SONOMA  ,SONOMA
CA4901309,SONOMA  ,SONOMA
CA4900846,SONOMA  ,SONOMA
CA4910005,SONOMA  ,SONOMA
CA4900850,SONOMA  ,SONOMA
CA4900641,SONOMA  ,SONOMA
CA4900892,SONOMA  ,SONOMA
CA4900584,SONOMA  ,SONOMA
CA4900559,SONOMA  ,SONOMA
CA4900612,SONOMA  ,SONOMA
CA4900723,SONOMA  ,SONOMA
CA4910016,SONOMA  ,SONOMA
CA4900561,SONOMA  ,SONOMA
CA4900736,SONOMA  ,SONOMA
CA4900545,SONOMA  ,SONOMA
CA4900674,SONOMA  ,SONOMA
CA4900532,SONOMA  ,SONOMA
CA4900640,SONOMA  ,SONOMA
CA4900513,SONOMA  ,SONOMA
CA4900549,SONOMA  ,SONOMA
CA4901221,SONOMA  ,SONOMA
CA4900551,SONOMA  ,SONOMA
CA4900639,SONOMA  ,SONOMA
CA4900558,SONOMA  ,SONOMA
CA4910007,SONOMA  ,SONOMA
CA4900665,SONOMA  ,SONOMA
CA4900644,SONOMA  ,SONOMA
CA4901246,SONOMA  ,SONOMA
CA4900563,SONOMA  ,SONOMA
CA4910011,SONOMA  ,SONOMA
CA4910025,SONOMA  ,SONOMA
CA4900568,SONOMA  ,SONOMA
CA4900533,SONOMA  ,SONOMA
CA4900552,SONOMA  ,SONOMA
CA4900611,SONOMA  ,SONOMA
CA4900675,SONOMA  ,SONOMA
CA4901381,SONOMA  ,SONOMA
CA4900832,SONOMA  ,SONOMA
CA4900548,SONOMA  ,SONOMA
CA4910024,SONOMA  ,SONOMA
CA4900580,SONOMA  ,SONOMA
CA4900797,SONOMA  ,SONOMA
CA4900620,SONOMA  ,SONOMA
CA4900600,SONOMA  ,SONOMA
CA4900787,SONOMA  ,SONOMA
CA4900843,SONOMA  ,SONOMA
CA4910019,SONOMA  ,SONOMA
CA4910008,SONOMA  ,SONOMA
CA4910004,SONOMA  ,SONOMA
CA4900646,SONOMA  ,SONOMA
CA4900582,SONOMA  ,SONOMA
CA4900578,SONOMA  ,SONOMA
CA4900512,SONOMA  ,SONOMA
CA4900795,SONOMA  ,SONOMA
CA4910023,SONOMA  ,SONOMA
CA4910018,SONOMA  ,SONOMA
CA4900785,SONOMA  ,SONOMA
CA4910017,SONOMA  ,SONOMA
CA5000071,STANISLAUS  ,STANISLAUS
CA5000060,STANISLAUS  ,STANISLAUS
CA5010010,STANISLAUS  ,STANISLAUS
CA5000072,STANISLAUS  ,STANISLAUS
CA5010028,STANISLAUS  ,STANISLAUS
CA5000095,STANISLAUS  ,STANISLAUS
CA5000054,STANISLAUS  ,STANISLAUS
CA5010026,STANISLAUS  ,STANISLAUS
CA5000090,STANISLAUS  ,STANISLAUS
CA5010029,STANISLAUS  ,STANISLAUS
CA5000408,STANISLAUS  ,STANISLAUS
CA5010034,STANISLAUS  ,STANISLAUS
CA5000033,STANISLAUS  ,STANISLAUS
CA5000008,STANISLAUS  ,STANISLAUS
CA5010014,STANISLAUS  ,STANISLAUS
CA5000016,STANISLAUS  ,STANISLAUS
CA5000433,STANISLAUS  ,STANISLAUS
CA5010019,STANISLAUS  ,STANISLAUS
CA5000389,STANISLAUS  ,STANISLAUS
CA5000061,STANISLAUS  ,STANISLAUS
CA5000048,STANISLAUS  ,STANISLAUS
CA5000005,STANISLAUS  ,STANISLAUS
CA5000058,STANISLAUS  ,STANISLAUS
CA5000019,STANISLAUS  ,STANISLAUS
CA5010035,STANISLAUS  ,STANISLAUS
CA5000014,STANISLAUS  ,STANISLAUS
CA5000067,STANISLAUS  ,STANISLAUS
CA5010006,STANISLAUS  ,STANISLAUS
CA5010023,STANISLAUS  ,STANISLAUS
CA5000082,STANISLAUS  ,STANISLAUS
CA5000080,STANISLAUS  ,STANISLAUS
CA5010031,STANISLAUS  ,STANISLAUS
CA5000017,STANISLAUS  ,STANISLAUS
CA5000055,STANISLAUS  ,STANISLAUS
CA5000237,STANISLAUS  ,STANISLAUS
CA5010009,STANISLAUS  ,STANISLAUS
CA5010042,STANISLAUS  ,STANISLAUS
CA5010033,STANISLAUS  ,STANISLAUS
CA5010039,STANISLAUS  ,STANISLAUS
CA5010005,STANISLAUS  ,STANISLAUS
CA5000049,STANISLAUS  ,STANISLAUS
CA5010021,STANISLAUS  ,STANISLAUS
CA5000099,STANISLAUS  ,STANISLAUS
CA5010013,STANISLAUS  ,STANISLAUS
CA5010008,STANISLAUS  ,STANISLAUS
CA5000015,STANISLAUS  ,STANISLAUS
CA5000013,STANISLAUS  ,STANISLAUS
CA5000317,STANISLAUS  ,STANISLAUS
CA5010018,STANISLAUS  ,STANISLAUS
CA5010017,STANISLAUS  ,STANISLAUS
CA5110001,SUTTER  ,SUTTER
CA5110007,SUTTER  ,SUTTER
CA5100112,SUTTER  ,SUTTER
CA5101009,SUTTER  ,SUTTER
CA5110002,SUTTER  ,SUTTER
CA5201140,TEHAMA  ,TEHAMA
CA5200534,TEHAMA  ,TEHAMA
CA5210002,TEHAMA  ,TEHAMA
CA5200535,TEHAMA  ,TEHAMA
CA5200512,TEHAMA  ,TEHAMA
CA5200504,TEHAMA  ,TEHAMA
CA5200508,TEHAMA  ,TEHAMA
CA5200510,TEHAMA  ,TEHAMA
CA5210001,TEHAMA  ,TEHAMA
CA5200010,TEHAMA  ,TEHAMA
CA5210005,TEHAMA  ,TEHAMA
CA5210003,TEHAMA  ,TEHAMA
CA5200570,TEHAMA  ,TEHAMA
CA5201147,TEHAMA  ,TEHAMA
CA5200551,TEHAMA  ,TEHAMA
CA5200560,TEHAMA  ,TEHAMA
CA5200007,TEHAMA  ,TEHAMA
CA5200571,TEHAMA  ,TEHAMA
CA5200575,TEHAMA  ,TEHAMA
CA5200588,TEHAMA  ,TEHAMA
CA5200546,TEHAMA  ,TEHAMA
CA5200558,TEHAMA  ,TEHAMA
CA5200645,TEHAMA  ,TEHAMA
CA5210004,TEHAMA  ,TEHAMA
CA5200503,TEHAMA  ,TEHAMA
CA5200014,TEHAMA  ,TEHAMA
CA5200562,TEHAMA  ,TEHAMA
CA5200012,TEHAMA  ,TEHAMA
CA5200555,TEHAMA  ,TEHAMA
CA5200547,TEHAMA  ,TEHAMA
CA5200502,TEHAMA  ,TEHAMA
CA5200521,TEHAMA  ,TEHAMA
CA5200539,TEHAMA  ,TEHAMA
CA5200527,TEHAMA  ,TEHAMA
CA5200545,TEHAMA  ,TEHAMA
CA5200514,TEHAMA  ,TEHAMA
CA5200255,TEHAMA  ,TEHAMA
CA5200556,TEHAMA  ,TEHAMA
CA5200574,TEHAMA  ,TEHAMA
CA5200013,TEHAMA  ,TEHAMA
CA5310003,TRINITY  ,TRINITY
CA5301001,TRINITY  ,TRINITY
CA5301101,TRINITY  ,TRINITY
CA5301008,TRINITY  ,TRINITY
CA5304502,TRINITY  ,TRINITY
CA5304102,TRINITY  ,TRINITY
CA5301102,TRINITY  ,TRINITY
CA5304501,TRINITY  ,TRINITY
CA5303002,TRINITY  ,TRINITY
CA5310002,TRINITY  ,TRINITY
CA5304109,TRINITY  ,TRINITY
CA5301002,TRINITY  ,TRINITY
CA5301103,TRINITY  ,TRINITY
CA5301201,TRINITY  ,TRINITY
CA5301017,TRINITY  ,TRINITY
CA5310001,TRINITY  ,TRINITY
CA5301104,TRINITY  ,TRINITY
CA5400744,TULARE  ,TULARE
CA5400728,TULARE  ,TULARE
CA5410010,TULARE  ,TULARE
CA5410009,TULARE  ,TULARE
CA5400553,TULARE  ,TULARE
CA5402038,TULARE  ,TULARE
CA5400647,TULARE  ,TULARE
CA5410038,TULARE  ,TULARE
CA5400506,TULARE  ,TULARE
CA5400934,TULARE  ,TULARE
CA5400767,TULARE  ,TULARE
CA5410011,TULARE  ,TULARE
CA5410007,TULARE  ,TULARE
CA5400660,TULARE  ,TULARE
CA5410014,TULARE  ,TULARE
CA5410039,TULARE  ,TULARE
CA5410002,TULARE  ,TULARE
CA5400556,TULARE  ,TULARE
CA5410034,TULARE  ,TULARE
CA5410024,TULARE  ,TULARE
CA5410019,TULARE  ,TULARE
CA5400903,TULARE  ,TULARE
CA5410022,TULARE  ,TULARE
CA5410050,TULARE  ,TULARE
CA5410041,TULARE  ,TULARE
CA5403084,TULARE  ,TULARE
CA5403043,TULARE  ,TULARE
CA5400665,TULARE  ,TULARE
CA5400710,TULARE  ,TULARE
CA5403113,TULARE  ,TULARE
CA5410016,TULARE  ,TULARE
CA5400666,TULARE  ,TULARE
CA5410020,TULARE  ,TULARE
CA5410012,TULARE  ,TULARE
CA5400670,TULARE  ,TULARE
CA5400536,TULARE  ,TULARE
CA5410025,TULARE  ,TULARE
CA5410048,TULARE  ,TULARE
CA5400968,TULARE  ,TULARE
CA5400880,TULARE  ,TULARE
CA5403110,TULARE  ,TULARE
CA5400567,TULARE  ,TULARE
CA5410015,TULARE  ,TULARE
CA5400682,TULARE  ,TULARE
CA5410017,TULARE  ,TULARE
CA5400544,TULARE  ,TULARE
CA5400824,TULARE  ,TULARE
CA5402048,TULARE  ,TULARE
CA5400616,TULARE  ,TULARE
CA5400940,TULARE  ,TULARE
CA5400550,TULARE  ,TULARE
CA5410003,TULARE  ,TULARE
CA5400732,TULARE  ,TULARE
CA5410036,TULARE  ,TULARE
CA5400819,TULARE  ,TULARE
CA5403212,TULARE  ,TULARE
CA5410006,TULARE  ,TULARE
CA5410008,TULARE  ,TULARE
CA5410004,TULARE  ,TULARE
CA5403023,TULARE  ,TULARE
CA5400816,TULARE  ,TULARE
CA5400529,TULARE  ,TULARE
CA5400805,TULARE  ,TULARE
CA5400504,TULARE  ,TULARE
CA5410001,TULARE  ,TULARE
CA5400542,TULARE  ,TULARE
CA5403144,TULARE  ,TULARE
CA5410026,TULARE  ,TULARE
CA5401026,TULARE  ,TULARE
CA5410021,TULARE  ,TULARE
CA5400881,TULARE  ,TULARE
CA5400718,TULARE  ,TULARE
CA5400754,TULARE  ,TULARE
CA5403217,TULARE  ,TULARE
CA5400935,TULARE  ,TULARE
CA5500092,TUOLUMNE  ,TUOLUMNE
CA5500116,TUOLUMNE  ,TUOLUMNE
CA5510006,TUOLUMNE  ,TUOLUMNE
CA5500353,TUOLUMNE  ,TUOLUMNE
CA5500074,TUOLUMNE  ,TUOLUMNE
CA5500115,TUOLUMNE  ,TUOLUMNE
CA5500149,TUOLUMNE  ,TUOLUMNE
CA5510024,TUOLUMNE  ,TUOLUMNE
CA5500104,TUOLUMNE  ,TUOLUMNE
CA5510026,TUOLUMNE  ,TUOLUMNE
CA5500119,TUOLUMNE  ,TUOLUMNE
CA5500120,TUOLUMNE  ,TUOLUMNE
CA5500193,TUOLUMNE  ,TUOLUMNE
CA5500124,TUOLUMNE  ,TUOLUMNE
CA5500071,TUOLUMNE  ,TUOLUMNE
CA5500041,TUOLUMNE  ,TUOLUMNE
CA5500040,TUOLUMNE  ,TUOLUMNE
CA5500042,TUOLUMNE  ,TUOLUMNE
CA5500053,TUOLUMNE  ,TUOLUMNE
CA5510016,TUOLUMNE  ,TUOLUMNE
CA5500077,TUOLUMNE  ,TUOLUMNE
CA5500128,TUOLUMNE  ,TUOLUMNE
CA5500125,TUOLUMNE  ,TUOLUMNE
CA5510004,TUOLUMNE  ,TUOLUMNE
CA5500064,TUOLUMNE  ,TUOLUMNE
CA5510002,TUOLUMNE  ,TUOLUMNE
CA5510012,TUOLUMNE  ,TUOLUMNE
CA5510013,TUOLUMNE  ,TUOLUMNE
CA5510021,TUOLUMNE  ,TUOLUMNE
CA5510028,TUOLUMNE  ,TUOLUMNE
CA5510001,TUOLUMNE  ,TUOLUMNE
CA5500057,TUOLUMNE  ,TUOLUMNE
CA5510008,TUOLUMNE  ,TUOLUMNE
CA5500060,TUOLUMNE  ,TUOLUMNE
CA5510011,TUOLUMNE  ,TUOLUMNE
CA5510007,TUOLUMNE  ,TUOLUMNE
CA5510005,TUOLUMNE  ,TUOLUMNE
CA5500096,TUOLUMNE  ,TUOLUMNE
CA5510009,TUOLUMNE  ,TUOLUMNE
CA5500243,TUOLUMNE  ,TUOLUMNE
CA5510003,TUOLUMNE  ,TUOLUMNE
CA5500363,TUOLUMNE  ,TUOLUMNE
CA5500086,TUOLUMNE  ,TUOLUMNE
CA5510023,TUOLUMNE  ,TUOLUMNE
CA5500080,TUOLUMNE  ,TUOLUMNE
CA5602108,VENTURA  ,VENTURA
CA5602110,VENTURA  ,VENTURA
CA5610040,VENTURA  ,VENTURA
CA5610035,VENTURA  ,VENTURA
CA5610059,VENTURA  ,VENTURA
CA5610039,VENTURA  ,VENTURA
CA5601144,VENTURA  ,VENTURA
CA5601106,VENTURA  ,VENTURA
CA5602115,VENTURA  ,VENTURA
CA5610029,VENTURA  ,VENTURA
CA5610056,VENTURA  ,VENTURA
CA5610008,VENTURA  ,VENTURA
CA5601122,VENTURA  ,VENTURA
CA5610069,VENTURA  ,VENTURA
CA5610016,VENTURA  ,VENTURA
CA5610018,VENTURA  ,VENTURA
CA5610002,VENTURA  ,VENTURA
CA5601120,VENTURA  ,VENTURA
CA5601125,VENTURA  ,VENTURA
CA5602101,VENTURA  ,VENTURA
CA5601110,VENTURA  ,VENTURA
CA5602132,VENTURA  ,VENTURA
CA5610011,VENTURA  ,VENTURA
CA5610009,VENTURA  ,VENTURA
CA5610063,VENTURA  ,VENTURA
CA5602130,VENTURA  ,VENTURA
CA5610014,VENTURA  ,VENTURA
CA5601104,VENTURA  ,VENTURA
CA5610020,VENTURA  ,VENTURA
CA5610005,VENTURA  ,VENTURA
CA5601137,VENTURA  ,VENTURA
CA5601116,VENTURA  ,VENTURA
CA5602109,VENTURA  ,VENTURA
CA5610068,VENTURA  ,VENTURA
CA5610023,VENTURA  ,VENTURA
CA5610007,VENTURA  ,VENTURA
CA5602140,VENTURA  ,VENTURA
CA5602104,VENTURA  ,VENTURA
CA5610017,VENTURA  ,VENTURA
CA5610058,VENTURA  ,VENTURA
CA5610024,VENTURA  ,VENTURA
CA5601119,VENTURA  ,VENTURA
CA5610022,VENTURA  ,VENTURA
CA5602117,VENTURA  ,VENTURA
CA5610043,VENTURA  ,VENTURA
CA5610006,VENTURA  ,VENTURA
CA5602103,VENTURA  ,VENTURA
CA5610010,VENTURA  ,VENTURA
CA5601105,VENTURA  ,VENTURA
CA5601117,VENTURA  ,VENTURA
CA5610003,VENTURA  ,VENTURA
CA5610001,VENTURA  ,VENTURA
CA5610021,VENTURA  ,VENTURA
CA5601141,VENTURA  ,VENTURA
CA5610015,VENTURA  ,VENTURA
CA5610019,VENTURA  ,VENTURA
CA5602111,VENTURA  ,VENTURA
CA5610081,VENTURA  ,VENTURA
CA5710006,YOLO  ,YOLO
CA5710007,YOLO  ,YOLO
CA5700707,YOLO  ,YOLO
CA5710001,YOLO  ,YOLO
CA5710004,YOLO  ,YOLO
CA5700554,YOLO  ,YOLO
CA5700571,YOLO  ,YOLO
CA5700712,YOLO  ,YOLO
CA5700700,YOLO  ,YOLO
CA5710005,YOLO  ,YOLO
CA5700788,YOLO  ,YOLO
CA5710003,YOLO  ,YOLO
CA5800823,YUBA  ,YUBA
CA5800832,YUBA  ,YUBA
CA5810002,YUBA  ,YUBA
CA5805001,YUBA  ,YUBA
CA5810004,YUBA  ,YUBA
CA5810003,YUBA  ,YUBA
CA5810001,YUBA  ,YUBA
CA5800821,YUBA  ,YUBA
CA5800572,YUBA  ,YUBA
CA5810005,YUBA  ,YUBA
CA5800924,YUBA  ,YUBA
CA5800820,YUBA  ,YUBA
CA5800827,YUBA  ,YUBA
CA5800824,YUBA  ,YUBA
CA5800828,YUBA  ,YUBA
CA5810006,YUBA  ,YUBA
CA5800805,YUBA  ,YUBA
CA5800850,YUBA  ,YUBA